{"type":"FeatureCollection","features":[{"type":"Feature","properties":{"FEATURECLA":"Indefinite (please verify)"},"geometry":{"type":"LineString","coordinates":[[-124.7589,48.494],[-124.5829,48.4439],[-124.3171,48.3683],[-124.1246,48.3135],[-124.0051,48.2796],[-123.854,48.2556],[-123.7067,48.2321],[-123.5851,48.2127],[-123.5276,48.2162],[-123.4169,48.2382],[-123.273,48.2667],[-123.2318,48.2892],[-123.1732,48.3548],[-123.1193,48.4154],[-123.1778,48.4665],[-123.2126,48.5335],[-123.2601,48.6826],[-123.1205,48.7231],[-123.0052,48.7567],[-123.0031,48.7854],[-123.0052,48.815],[-123.1003,48.8699],[-123.2137,48.9354],[-123.3126,48.9925]]}},{"type":"Feature","properties":{"FEATURECLA":"International boundary (verify)"},"geometry":{"type":"MultiLineString","coordinates":[[[-88.3038,18.4814],[-88.295,18.4799],[-88.2799,18.4685],[-88.2746,18.4302],[-88.2651,18.4165],[-88.2479,18.4128],[-88.128,18.4145],[-88.0386,18.4159],[-88.0395,18.3197],[-88.0408,18.1949],[-88.0333,18.1836],[-88.0179,18.181],[-87.9679,18.182],[-87.9601,18.1811],[-87.9524,18.178],[-87.9336,18.168],[-87.9279,18.1661],[-87.9117,18.1714],[-87.901,18.1811],[-87.8952,18.2001],[-87.8861,18.2125],[-87.877,18.2125],[-87.8695,18.2067],[-87.872,18.1848],[-87.8669,18.1807],[-87.8602,18.1807],[-87.8246,18.181]],[[-92.2463,14.5463],[-92.2462,14.5463]]]}},{"type":"Feature","properties":{"FEATURECLA":"International boundary (verify)"},"geometry":{"type":"MultiLineString","coordinates":[[[-141.0055,69.6509],[-141.0055,69.6509]],[[-130.0196,55.908],[-130.0275,55.8773],[-130.0569,55.8448],[-130.1191,55.7994],[-130.1454,55.7658],[-130.1443,55.7238],[-130.1331,55.7052],[-130.117,55.6829],[-130.106,55.6531],[-130.1056,55.6394],[-130.1195,55.5985],[-130.1244,55.5749],[-130.1145,55.5401],[-130.0946,55.5128],[-130.0512,55.4595],[-130.035,55.4184],[-130.0214,55.3464],[-129.9981,55.3168],[-129.9798,55.3015],[-129.9725,55.2873],[-129.978,55.2732],[-130.0636,55.2186],[-130.1418,55.1441],[-130.2225,55.0274],[-130.3168,54.9368],[-130.3901,54.8809],[-130.5291,54.8114],[-130.6264,54.7705],[-130.6417,54.7605],[-130.6399,54.743],[-130.621,54.7084]]]}},{"type":"Feature","properties":{"FEATURECLA":"International boundary (verify)"},"geometry":{"type":"MultiLineString","coordinates":[[[-123.0277,48.9926],[-122.873,48.9925],[-122.753,48.9925]],[[-123.3126,48.9925],[-123.0928,48.9925],[-123.0905,48.9925],[-123.0905,48.9925]]]}},{"type":"Feature","properties":{"FEATURECLA":"Disputed (please verify)"},"geometry":{"type":"MultiLineString","coordinates":[[[-54.2112,3.1274],[-54.1905,3.1781],[-54.1766,3.2006],[-54.14,3.245],[-54.1143,3.2854],[-54.0808,3.3093],[-54.0802,3.3097]],[[-54.5512,2.3381],[-54.5316,2.3402],[-54.5203,2.3489],[-54.4934,2.4171],[-54.4833,2.4229],[-54.4726,2.4287],[-54.4505,2.4289],[-54.4355,2.4311],[-54.4235,2.4359],[-54.3756,2.4838],[-54.3594,2.508],[-54.3204,2.6067],[-54.2853,2.678],[-54.2125,2.7764],[-54.2047,2.7918],[-54.1889,2.8383],[-54.1822,2.8465],[-54.1702,2.8531],[-54.1834,2.8639],[-54.1896,2.8706],[-54.1913,2.8773],[-54.1907,2.8878],[-54.187,2.8993],[-54.1733,2.9195],[-54.1702,2.9254],[-54.163,2.956],[-54.1634,2.9697],[-54.1688,2.9714],[-54.1798,2.9837],[-54.1851,2.9978],[-54.1736,3.0045],[-54.1692,3.0107],[-54.1709,3.0248],[-54.177,3.0489],[-54.1792,3.0516],[-54.1885,3.0583],[-54.1907,3.0591],[-54.1885,3.0646],[-54.184,3.068],[-54.1795,3.0703],[-54.177,3.0728],[-54.1747,3.0939],[-54.1771,3.1166],[-54.188,3.131]],[[-54.188,3.131],[-54.2112,3.1274]],[[-54.5848,2.3483],[-54.5512,2.3381]],[[-54.6153,2.3263],[-54.5992,2.3458],[-54.5848,2.3483]]]}},{"type":"Feature","properties":{"FEATURECLA":"Disputed (please verify)"},"geometry":{"type":"MultiLineString","coordinates":[[[-57.2649,3.1326],[-57.2749,3.1343],[-57.286,3.1424],[-57.2842,3.149],[-57.2777,3.1569],[-57.2749,3.169],[-57.2857,3.1921],[-57.2879,3.2031],[-57.2871,3.2154],[-57.2817,3.2359],[-57.2805,3.2478],[-57.284,3.2598],[-57.2903,3.268],[-57.2925,3.2763],[-57.2842,3.2888],[-57.2828,3.295],[-57.2805,3.3298],[-57.2836,3.3438],[-57.3084,3.3949]],[[-57.3084,3.3949],[-57.34,3.3702],[-57.3668,3.3656]],[[-57.3668,3.3656],[-57.3935,3.3738],[-57.425,3.3875]],[[-57.425,3.3875],[-57.424,3.3694],[-57.4309,3.3606],[-57.4592,3.3533],[-57.4617,3.35],[-57.4688,3.3432],[-57.4763,3.3389]],[[-57.4763,3.3389],[-57.4797,3.3434],[-57.482,3.3486],[-57.488,3.3515],[-57.4958,3.353],[-57.5039,3.3533],[-57.5096,3.3577],[-57.5224,3.3652],[-57.5353,3.3678]],[[-57.5353,3.3678],[-57.545,3.3481],[-57.5542,3.3467]],[[-57.5542,3.3467],[-57.5651,3.3498],[-57.5962,3.3671],[-57.5964,3.3672]],[[-57.2092,3.0241],[-57.206,3.0281],[-57.207,3.0357],[-57.2118,3.0483],[-57.2129,3.056],[-57.2222,3.0783],[-57.2395,3.0941],[-57.2486,3.1124],[-57.2333,3.1417],[-57.2367,3.1435],[-57.2374,3.144],[-57.2376,3.1449],[-57.2395,3.1479]],[[-57.2395,3.1479],[-57.2462,3.1416],[-57.255,3.1358],[-57.2649,3.1326]],[[-57.2232,3.0248],[-57.2092,3.0241]],[[-57.1746,2.819],[-57.1866,2.8232],[-57.1911,2.8326],[-57.1943,2.842],[-57.2023,2.8462],[-57.2063,2.8566],[-57.2196,2.9083],[-57.2103,2.9182],[-57.1947,2.9306],[-57.1838,2.9447],[-57.1886,2.9595],[-57.2219,2.963],[-57.2346,2.9704],[-57.2265,2.9834],[-57.2212,2.9926],[-57.2218,3.0004],[-57.2247,3.0092],[-57.2265,3.0213],[-57.2232,3.0248]],[[-57.137,2.7712],[-57.1437,2.79],[-57.1264,2.826],[-57.1334,2.8326]],[[-57.1334,2.8326],[-57.1452,2.8304],[-57.1653,2.8211],[-57.1746,2.819]],[[-57.048,2.6365],[-57.056,2.6424],[-57.062,2.6818],[-57.0719,2.7001],[-57.0977,2.7274],[-57.1029,2.7405],[-57.099,2.7504],[-57.0921,2.763],[-57.0899,2.7739],[-57.0995,2.7786]],[[-57.0995,2.7786],[-57.1337,2.7734],[-57.137,2.7712]],[[-56.9941,2.5049],[-57.0006,2.5142],[-56.9953,2.5479],[-56.9971,2.5551],[-57.0224,2.5845],[-57.0272,2.5936],[-57.0279,2.6106],[-57.0232,2.6237],[-57.0205,2.6354],[-57.0272,2.6482]],[[-57.0272,2.6482],[-57.048,2.6365]],[[-56.4818,1.9416],[-56.4851,1.9532],[-56.4912,1.9629],[-56.5,1.97],[-56.521,1.9767],[-56.5294,1.9818],[-56.5365,1.9886],[-56.5421,1.9972],[-56.5798,2.0168],[-56.6778,2.0184],[-56.7052,2.0296],[-56.8015,2.166],[-56.8087,2.1958],[-56.8163,2.2176],[-56.8262,2.2617],[-56.8389,2.2811],[-56.8478,2.2859],[-56.8709,2.2901],[-56.8801,2.2948],[-56.8844,2.3037],[-56.8839,2.3398],[-56.895,2.3621],[-56.9308,2.3933],[-56.9385,2.4114],[-56.932,2.4258],[-56.9302,2.4362],[-56.9351,2.4459],[-56.9516,2.4612],[-56.9564,2.47],[-56.9596,2.4838],[-56.9575,2.4935],[-56.9526,2.5046],[-56.9513,2.5155],[-56.9596,2.5247]],[[-56.9596,2.5247],[-56.98,2.5097],[-56.9941,2.5049]]]}},{"type":"Feature","properties":{"FEATURECLA":"International boundary (verify)"},"geometry":{"type":"LineString","coordinates":[[-84.3555,10.9946],[-84.346,10.9899],[-84.3437,10.9824],[-84.3439,10.9723],[-84.3418,10.9599],[-84.3374,10.9527],[-84.3241,10.9362],[-84.3213,10.9292],[-84.3107,10.9194],[-84.2643,10.9018],[-84.2537,10.8947],[-84.2447,10.8849],[-84.2257,10.8753],[-84.2084,10.861],[-84.2046,10.837],[-84.2185,10.8298],[-84.2227,10.827],[-84.2271,10.8193],[-84.2252,10.8137],[-84.2212,10.8094],[-84.2189,10.806],[-84.1969,10.7885],[-84.1916,10.7817]]}},{"type":"Feature","properties":{"FEATURECLA":"International boundary (verify)"},"geometry":{"type":"LineString","coordinates":[[-63.0176,18.0334],[-63.0859,18.0585],[-63.107,18.0621]]}},{"type":"Feature","properties":{"FEATURECLA":"International boundary (verify)"},"geometry":{"type":"MultiLineString","coordinates":[[[-60.1766,5.2272],[-60.1909,5.2399],[-60.2003,5.2635],[-60.2134,5.2672]],[[-60.2134,5.2672],[-60.2552,5.2565],[-60.2737,5.2474],[-60.3141,5.2069],[-60.3331,5.1938],[-60.355,5.1932]],[[-60.112,4.5022],[-60.1209,4.5024],[-60.1329,4.5049],[-60.1488,4.513],[-60.16,4.5278],[-60.1648,4.5462],[-60.1615,4.5652],[-60.1348,4.5935],[-60.1262,4.595],[-60.1061,4.5954],[-60.0971,4.5986],[-60.0877,4.6075],[-60.0843,4.6169],[-60.0832,4.6271],[-60.0807,4.6383],[-60.0756,4.6503],[-60.0471,4.6918],[-60.0385,4.708],[-60.0325,4.7254],[-60.0301,4.7444],[-60.0345,4.7878],[-60.0205,4.8323],[-60.018,4.8922],[-60.011,4.9217],[-60.0036,4.9398],[-60.0002,4.9583],[-59.9993,4.9969],[-59.9815,5.0574],[-59.9831,5.0859],[-60.011,5.1],[-60.0551,5.1251],[-60.0757,5.1408],[-60.0887,5.1554],[-60.0912,5.1582],[-60.123,5.2319],[-60.1317,5.2434]],[[-60.1317,5.2434],[-60.1766,5.2272]],[[-60.5538,5.1881],[-60.5683,5.1897],[-60.5794,5.1949],[-60.5897,5.2012],[-60.6018,5.2066],[-60.6136,5.2089],[-60.673,5.213]],[[-60.673,5.213],[-60.6952,5.2119],[-60.7399,5.2021]],[[-60.355,5.1932],[-60.3989,5.2083]],[[-60.3989,5.2083],[-60.4198,5.2072],[-60.4274,5.2008],[-60.4391,5.1814],[-60.449,5.1742]],[[-60.449,5.1742],[-60.4564,5.1747],[-60.4631,5.18],[-60.47,5.1869],[-60.4775,5.1919],[-60.4974,5.1959]],[[-60.4974,5.1959],[-60.5538,5.1881]],[[-60.0556,4.4916],[-60.0663,4.4943],[-60.0715,4.5125],[-60.0769,4.52],[-60.0878,4.5255],[-60.0986,4.526]],[[-60.0986,4.526],[-60.1038,4.518],[-60.1062,4.5066],[-60.112,4.5022]],[[-59.9146,4.4744],[-59.9199,4.4792],[-59.9343,4.4983],[-59.9433,4.5039],[-59.9531,4.5059],[-59.9647,4.5065]],[[-59.9647,4.5065],[-59.9746,4.5037],[-59.9789,4.4954],[-59.9846,4.4888]],[[-59.9846,4.4888],[-59.997,4.4908],[-60.0207,4.4989]],[[-60.0207,4.4989],[-60.0402,4.4959],[-60.0556,4.4916]],[[-59.8632,4.4607],[-59.8676,4.462],[-59.8717,4.4682],[-59.8688,4.4809],[-59.8729,4.4847],[-59.8858,4.4847]],[[-59.8858,4.4847],[-59.9053,4.4753],[-59.9146,4.4744]],[[-59.59,3.9667],[-59.5963,3.9706],[-59.5954,3.9964],[-59.5997,4.0023],[-59.6057,4.0071],[-59.6198,4.0327],[-59.6537,4.0642],[-59.6633,4.0797],[-59.6601,4.1032],[-59.649,4.1198],[-59.6462,4.134],[-59.6674,4.1506],[-59.7103,4.1645],[-59.7267,4.1765],[-59.7385,4.2028],[-59.7404,4.2136],[-59.7405,4.2223],[-59.738,4.24],[-59.7355,4.2458],[-59.7266,4.2577],[-59.7245,4.2641],[-59.7266,4.2707],[-59.7367,4.2821],[-59.7385,4.2866],[-59.7278,4.3053],[-59.6936,4.3407],[-59.6874,4.3645],[-59.6871,4.3715],[-59.6867,4.3812],[-59.6905,4.3845],[-59.702,4.3857],[-59.7135,4.3894],[-59.7223,4.3977],[-59.7299,4.4075],[-59.738,4.4156],[-59.7963,4.4482],[-59.8096,4.4657]],[[-59.8096,4.4657],[-59.8177,4.4568],[-59.8262,4.4546]],[[-59.8262,4.4546],[-59.8476,4.4602],[-59.8524,4.4608]],[[-59.8524,4.4608],[-59.8632,4.4607]],[[-59.8414,3.4254],[-59.8385,3.443],[-59.8214,3.4844],[-59.8295,3.5098],[-59.8476,3.5305],[-59.863,3.5524],[-59.8629,3.5817],[-59.8377,3.6093],[-59.7555,3.6381],[-59.7176,3.6732],[-59.6951,3.6831],[-59.6862,3.6902],[-59.6801,3.7017],[-59.6796,3.7103],[-59.6808,3.7192],[-59.6802,3.7311],[-59.6718,3.7562],[-59.6591,3.7689],[-59.6183,3.7872],[-59.5986,3.8024],[-59.5954,3.8165],[-59.5997,3.8331],[-59.6025,3.8557],[-59.5963,3.8759],[-59.5818,3.8992],[-59.5632,3.9182],[-59.5446,3.9257],[-59.5347,3.9271],[-59.5292,3.9319],[-59.5277,3.9395],[-59.5296,3.9495],[-59.5368,3.9577],[-59.5487,3.9619],[-59.5804,3.9671]],[[-59.5804,3.9671],[-59.59,3.9667]],[[-59.7375,1.8508],[-59.7497,1.8513],[-59.7588,1.8621],[-59.7636,1.8826],[-59.7651,1.9046],[-59.7645,1.9205],[-59.7609,1.9319],[-59.7484,1.9513],[-59.7438,1.9618],[-59.7428,1.971],[-59.7453,1.9972],[-59.7435,2.0057],[-59.7378,2.0222],[-59.7371,2.0304],[-59.7404,2.0414],[-59.7515,2.0623],[-59.753,2.0755],[-59.7498,2.086],[-59.7386,2.1036],[-59.7354,2.1135],[-59.7359,2.1237],[-59.745,2.1535],[-59.7458,2.1908],[-59.7402,2.2295],[-59.7417,2.2638],[-59.7632,2.288],[-59.7723,2.2904],[-59.7918,2.2909],[-59.8012,2.2927],[-59.8136,2.2992],[-59.8442,2.3254],[-59.8841,2.346],[-59.9031,2.3596],[-59.9134,2.3787],[-59.9118,2.3878],[-59.9015,2.4045],[-59.9018,2.4156],[-59.904,2.4262],[-59.9051,2.4479],[-59.9068,2.4588],[-59.9358,2.5239],[-59.9395,2.543],[-59.9392,2.5555],[-59.9407,2.563],[-59.949,2.5798],[-59.9531,2.5839],[-59.966,2.5887],[-59.971,2.5926],[-59.9703,2.5958],[-59.9653,2.6081],[-59.965,2.6134],[-59.9965,2.6748],[-60.0001,2.694],[-59.9937,2.8573],[-59.973,2.9393],[-59.9704,2.9604],[-59.974,3.0176],[-59.9692,3.0427],[-59.9594,3.0665],[-59.9327,3.11],[-59.9274,3.1143],[-59.9208,3.1168],[-59.9149,3.12],[-59.9116,3.1264],[-59.9127,3.1334],[-59.9202,3.144],[-59.9216,3.1501],[-59.9184,3.1528],[-59.9057,3.1548],[-59.9032,3.1587],[-59.9054,3.1652],[-59.9139,3.1746],[-59.9169,3.1812],[-59.9167,3.1942],[-59.9115,3.2019],[-59.9042,3.2082],[-59.8976,3.2174],[-59.884,3.2625],[-59.8796,3.2726],[-59.8537,3.3154],[-59.8432,3.349],[-59.84,3.3499],[-59.8337,3.3503],[-59.8268,3.3519],[-59.8218,3.3566],[-59.821,3.3635],[-59.8271,3.3767],[-59.8285,3.3834],[-59.824,3.4317]],[[-59.824,3.4317],[-59.8414,3.4254]],[[-56.9769,1.9146],[-56.9932,1.9148],[-57.0112,1.9186],[-57.0375,1.9324],[-57.056,1.9481],[-57.0678,1.9687],[-57.0741,1.9972],[-57.1045,2.0215]],[[-57.1045,2.0215],[-57.1529,2.0022],[-57.2384,1.9485]],[[-57.2384,1.9485],[-57.2586,1.9522],[-57.2948,1.9748],[-57.3194,1.9771]],[[-57.3194,1.9771],[-57.3415,1.9688],[-57.3562,1.9553],[-57.3688,1.9397],[-57.3845,1.9252],[-57.4056,1.9143],[-57.4195,1.9092],[-57.4295,1.9003],[-57.4543,1.8338],[-57.4648,1.8157],[-57.5313,1.7315],[-57.5612,1.709],[-57.6079,1.6971],[-57.6386,1.6962]],[[-56.4818,1.9416],[-56.5285,1.924],[-56.5589,1.9067],[-56.5749,1.9055]],[[-56.5749,1.9055],[-56.5901,1.913],[-56.6044,1.9246],[-56.6202,1.9346],[-56.6396,1.9369]],[[-56.6396,1.9369],[-56.6564,1.9301],[-56.6697,1.9199],[-56.684,1.9121]],[[-56.7927,1.8735],[-56.8065,1.8736],[-56.8776,1.8856],[-56.8907,1.8902],[-56.9068,1.9032],[-56.9134,1.9128],[-56.9219,1.9181],[-56.9435,1.9183]],[[-56.9435,1.9183],[-56.9769,1.9146]],[[-56.684,1.9121],[-56.7041,1.9128],[-56.7242,1.9161]],[[-56.7242,1.9161],[-56.7376,1.913],[-56.7806,1.8791],[-56.7927,1.8735]],[[-59.6555,1.8397],[-59.668,1.8427],[-59.7056,1.8574],[-59.7172,1.8581]],[[-59.7172,1.8581],[-59.7375,1.8508]],[[-59.6282,1.7188],[-59.6397,1.7218],[-59.6498,1.727],[-59.659,1.7341],[-59.6808,1.7574],[-59.6825,1.7656],[-59.6665,1.7871],[-59.6455,1.8277],[-59.6465,1.84],[-59.6491,1.8414]],[[-59.6491,1.8414],[-59.6555,1.8397]],[[-59.368,1.5204],[-59.3802,1.5233],[-59.3839,1.5279],[-59.391,1.5437],[-59.3946,1.5494],[-59.3997,1.552],[-59.4121,1.5533],[-59.4168,1.5553],[-59.4259,1.566],[-59.4455,1.601],[-59.4548,1.6113],[-59.486,1.6361],[-59.5028,1.6577],[-59.5307,1.7031],[-59.5515,1.7205],[-59.5727,1.7272]],[[-59.5727,1.7272],[-59.5906,1.7249],[-59.6079,1.72],[-59.6282,1.7188]],[[-57.6386,1.6962],[-57.7231,1.7117],[-57.7588,1.7135]],[[-57.7588,1.7135],[-57.7908,1.7049],[-57.8715,1.6693],[-57.9054,1.6486],[-57.9222,1.6425]],[[-57.9222,1.6425],[-57.939,1.6433],[-57.9691,1.6555],[-57.985,1.6577]],[[-57.985,1.6577],[-57.991,1.6504],[-57.9898,1.6346],[-57.9839,1.6041],[-57.987,1.5868],[-57.9936,1.5685],[-58.0112,1.5362],[-58.0272,1.5169],[-58.0691,1.509]],[[-58.2197,1.5561],[-58.2386,1.5567],[-58.2605,1.5603],[-58.282,1.5666],[-58.2992,1.5752],[-58.3063,1.5828],[-58.3162,1.5989],[-58.3205,1.6012]],[[-58.3205,1.6012],[-58.3319,1.5934],[-58.3387,1.5802],[-58.3443,1.5655],[-58.3514,1.5533],[-58.3603,1.5474],[-58.3831,1.5372],[-58.3903,1.5308],[-58.3917,1.5208],[-58.3859,1.4997],[-58.3864,1.4902],[-58.4135,1.472],[-58.4264,1.4698],[-58.4989,1.4574],[-58.5018,1.4538],[-58.5137,1.4389],[-58.507,1.4182],[-58.4881,1.3789],[-58.4817,1.3581],[-58.4811,1.3339],[-58.4876,1.3165],[-58.5189,1.2673],[-58.5271,1.2668]],[[-58.0691,1.509],[-58.1164,1.5106],[-58.1486,1.5191],[-58.1555,1.5274],[-58.1629,1.5492],[-58.1706,1.5588],[-58.1873,1.5676]],[[-58.1873,1.5676],[-58.1978,1.5659],[-58.207,1.56],[-58.2197,1.5561]],[[-58.834,1.1858],[-58.852,1.1887],[-58.8721,1.1972],[-58.8979,1.2178],[-58.9065,1.2385],[-58.9117,1.2602],[-58.9275,1.2842],[-58.946,1.299],[-58.9665,1.3102],[-58.972,1.3123],[-59.0111,1.3276],[-59.178,1.3571],[-59.2421,1.3778],[-59.2599,1.3874],[-59.2724,1.4042],[-59.2938,1.4521],[-59.3022,1.463],[-59.3203,1.4735],[-59.3247,1.4908],[-59.3269,1.5095],[-59.3386,1.5246],[-59.3477,1.526]],[[-59.3477,1.526],[-59.368,1.5204]],[[-58.5271,1.2668],[-58.5351,1.2716],[-58.5431,1.2744],[-58.5428,1.2764],[-58.5467,1.2804],[-58.5523,1.2846],[-58.557,1.2869]],[[-58.557,1.2869],[-58.5614,1.2851],[-58.5742,1.2754],[-58.5805,1.2727]],[[-58.5805,1.2727],[-58.6826,1.2825]],[[-58.6826,1.2825],[-58.6977,1.2811],[-58.7092,1.2723],[-58.7369,1.2323],[-58.7528,1.215],[-58.7719,1.2013],[-58.796,1.1918],[-58.816,1.1873],[-58.834,1.1858]]]}},{"type":"Feature","properties":{"FEATURECLA":"International boundary (verify)"},"geometry":{"type":"MultiLineString","coordinates":[[[-54.8419,2.4335],[-54.8803,2.4473],[-54.9786,2.5431],[-54.9828,2.5524],[-54.9796,2.5661],[-54.9602,2.5857],[-54.9537,2.5991],[-54.9591,2.609]],[[-54.9591,2.609],[-54.9769,2.6069],[-55.0177,2.5906],[-55.0377,2.5779],[-55.0763,2.5452],[-55.1125,2.5278],[-55.1209,2.5248]],[[-55.1209,2.5248],[-55.1289,2.5257],[-55.1366,2.5338],[-55.1331,2.5529],[-55.1378,2.5622]],[[-55.1378,2.5622],[-55.172,2.5593],[-55.2519,2.4979]],[[-55.7243,2.3969],[-55.7441,2.401],[-55.7546,2.4094],[-55.7661,2.4313],[-55.7736,2.4401],[-55.7831,2.4452],[-55.8538,2.4626],[-55.8707,2.4709],[-55.925,2.5157],[-55.9472,2.5282],[-55.971,2.5303]],[[-55.971,2.5303],[-55.983,2.5265],[-55.9892,2.5208],[-55.9969,2.5033],[-56.0075,2.4607],[-56.0082,2.4163],[-56.0133,2.3988],[-56.0426,2.3551],[-56.0502,2.347],[-56.0622,2.3416]],[[-55.2519,2.4979],[-55.2753,2.4993],[-55.287,2.5139],[-55.3028,2.5197]],[[-55.3028,2.5197],[-55.3205,2.5183],[-55.3378,2.5113],[-55.3545,2.4949],[-55.3601,2.4762],[-55.3628,2.4579],[-55.3711,2.4425],[-55.3996,2.4302]],[[-54.702,2.3957],[-54.6973,2.3973],[-54.6956,2.4035],[-54.6968,2.4091],[-54.7011,2.4199],[-54.7025,2.4257],[-54.7032,2.4458],[-54.7077,2.4503],[-54.7212,2.458],[-54.743,2.4665]],[[-54.743,2.4665],[-54.7598,2.4658],[-54.7755,2.4573],[-54.7925,2.4482],[-54.8419,2.4335]],[[-55.3996,2.4302],[-55.4356,2.4309],[-55.4743,2.4358],[-55.5113,2.4364]],[[-55.5113,2.4364],[-55.5682,2.4313]],[[-55.5682,2.4313],[-55.5873,2.4339],[-55.6083,2.434]],[[-55.6083,2.434],[-55.6454,2.4166],[-55.7243,2.3969]],[[-54.7073,2.3959],[-54.702,2.3957]],[[-54.6729,2.316],[-54.6925,2.319],[-54.7041,2.3248],[-54.7066,2.3329],[-54.7054,2.3425],[-54.7067,2.3532],[-54.7157,2.3759],[-54.71,2.3948],[-54.7073,2.3959]],[[-56.0622,2.3416],[-56.0734,2.3424],[-56.0823,2.3477],[-56.0915,2.3519]],[[-56.0915,2.3519],[-56.1038,2.3491],[-56.1168,2.3331],[-56.132,2.3044],[-56.1439,2.2747],[-56.1468,2.2562],[-56.1353,2.2485],[-56.0915,2.2459],[-56.0729,2.2415],[-56.054,2.2241],[-56.0448,2.1847],[-56.0313,2.1635],[-56.0044,2.145],[-55.9958,2.1374],[-55.96,2.091],[-55.9258,2.0617],[-55.9183,2.0504],[-55.9151,2.0377],[-55.9168,2.0285],[-55.9204,2.0194],[-55.9236,2.0066],[-55.9223,1.9622],[-55.9168,1.9222],[-55.922,1.8862],[-55.9538,1.8533],[-56.0197,1.8335]],[[-54.6153,2.3263],[-54.6341,2.3201],[-54.6534,2.3165],[-54.6729,2.316]],[[-56.4152,1.9197],[-56.4298,1.9227],[-56.4818,1.9416]],[[-56.2579,1.8856],[-56.2738,1.8875],[-56.2927,1.8955],[-56.3286,1.9185],[-56.348,1.9266],[-56.3672,1.9289]],[[-56.3672,1.9289],[-56.3965,1.9217],[-56.4152,1.9197]],[[-56.0197,1.8335],[-56.0826,1.8466],[-56.1453,1.8718],[-56.2098,1.8885]],[[-56.2098,1.8885],[-56.2579,1.8856]]]}},{"type":"Feature","properties":{"FEATURECLA":"International boundary (verify)"},"geometry":{"type":"MultiLineString","coordinates":[[[-51.9558,3.7244],[-51.9487,3.7251],[-51.9401,3.734],[-51.9382,3.7425],[-51.941,3.7636],[-51.9387,3.7736],[-51.9309,3.7814],[-51.8997,3.7967],[-51.8354,3.8675],[-51.8186,3.8911],[-51.8062,3.9175],[-51.7975,3.95],[-51.7832,3.9809],[-51.7579,4.0025],[-51.6832,4.0394]],[[-51.9633,3.7255],[-51.9558,3.7244]],[[-52.2512,3.2431],[-52.2381,3.2497],[-52.2279,3.2601],[-52.0928,3.4814],[-52.092,3.4902],[-52.0938,3.4994],[-52.0936,3.5069],[-52.0742,3.5166],[-52.066,3.5289],[-52.0545,3.5567],[-52.0128,3.6191],[-52.0031,3.6423],[-51.9954,3.6853],[-51.9884,3.7046],[-51.9728,3.7217],[-51.9633,3.7255]],[[-52.267,3.2449],[-52.2593,3.2433],[-52.2512,3.2431]],[[-52.9231,2.1937],[-52.9172,2.1957],[-52.9067,2.205],[-52.9003,2.2141],[-52.8924,2.2369],[-52.8802,2.2604],[-52.8627,2.2742],[-52.8197,2.2915],[-52.7077,2.3589],[-52.6906,2.373],[-52.6772,2.3904],[-52.6561,2.4309],[-52.6192,2.4635],[-52.5904,2.5047],[-52.5691,2.5504],[-52.5637,2.5593],[-52.5579,2.5656],[-52.5535,2.5734],[-52.5519,2.5866],[-52.5558,2.5981],[-52.5721,2.623],[-52.5758,2.6337],[-52.5716,2.6386],[-52.551,2.646],[-52.543,2.6515],[-52.5396,2.6594],[-52.5333,2.6899],[-52.4553,2.865],[-52.4484,2.8743],[-52.4416,2.8813],[-52.4335,2.8866],[-52.4224,2.8905],[-52.4093,2.8973],[-52.4107,2.9056],[-52.4179,2.9155],[-52.4222,2.9275],[-52.4166,2.9425],[-52.3532,3.0584],[-52.3516,3.066],[-52.3611,3.1093],[-52.3618,3.132],[-52.3553,3.1516],[-52.3194,3.1776],[-52.2991,3.2253],[-52.2795,3.2425],[-52.267,3.2449]],[[-53.7648,2.3687],[-53.7483,2.3647],[-53.7374,2.3491],[-53.738,2.3388],[-53.7482,2.3193],[-53.7487,2.3127],[-53.7422,2.3085],[-53.7132,2.3074],[-53.646,2.2785],[-53.6295,2.2753],[-53.5953,2.2739],[-53.579,2.2704],[-53.5473,2.2518],[-53.5318,2.247]],[[-53.9012,2.2645],[-53.8885,2.2738],[-53.8794,2.2906],[-53.8668,2.3049],[-53.8435,2.3066],[-53.8309,2.3101],[-53.8211,2.3236],[-53.8118,2.3404],[-53.801,2.3538],[-53.7835,2.3641],[-53.7648,2.3687]],[[-53.3441,2.3496],[-53.3309,2.3457],[-53.3226,2.3386],[-53.2974,2.3037],[-53.2342,2.251],[-53.2347,2.2413],[-53.2543,2.2342],[-53.2722,2.22],[-53.2797,2.205],[-53.2685,2.1957]],[[-53.5318,2.247],[-53.5115,2.2523],[-53.4732,2.2541],[-53.4621,2.259],[-53.4254,2.286],[-53.3904,2.299],[-53.3785,2.3076],[-53.3511,2.3417],[-53.3488,2.3477],[-53.3441,2.3496]],[[-54.6153,2.3263],[-54.5882,2.3244],[-54.5646,2.3148],[-54.5443,2.3002],[-54.5264,2.2827],[-54.5491,2.2794],[-54.5458,2.2686],[-54.5114,2.2434],[-54.4927,2.2227],[-54.4766,2.2141],[-54.434,2.2093],[-54.4271,2.2072],[-54.4115,2.1997],[-54.4025,2.1971],[-54.3878,2.1963]],[[-53.9329,2.2696],[-53.9216,2.266],[-53.9012,2.2645]],[[-54.028,2.1786],[-54.0214,2.1806],[-54.0117,2.1906],[-54.006,2.1943],[-53.9639,2.2093],[-53.9461,2.222],[-53.9387,2.2401],[-53.9378,2.2646],[-53.9329,2.2696]],[[-53.1134,2.2193],[-53.0922,2.2119],[-53.0612,2.1863],[-53.0191,2.182],[-52.9809,2.1733]],[[-53.2685,2.1957],[-53.2528,2.1965],[-53.1323,2.2193],[-53.1134,2.2193]],[[-54.3805,2.1977],[-54.3739,2.1965],[-54.3609,2.1882],[-54.3351,2.1639],[-54.3229,2.1573],[-54.314,2.1549],[-54.2638,2.1482]],[[-54.3878,2.1963],[-54.3805,2.1977]],[[-52.9341,2.1964],[-52.9231,2.1937]],[[-52.9809,2.1733],[-52.9597,2.1752],[-52.9532,2.179],[-52.9444,2.191],[-52.9391,2.1957],[-52.9341,2.1964]],[[-54.0485,2.1888],[-54.0433,2.1877],[-54.0333,2.1803],[-54.028,2.1786]],[[-54.1349,2.1107],[-54.1115,2.1143],[-54.1114,2.1143],[-54.0984,2.128],[-54.0842,2.1693],[-54.0767,2.1837],[-54.0693,2.1883],[-54.0485,2.1888]],[[-54.1945,2.1631],[-54.1885,2.1613],[-54.1574,2.1217],[-54.1481,2.1144],[-54.1349,2.1107]],[[-54.2638,2.1482],[-54.2465,2.1516],[-54.2298,2.1572],[-54.21,2.1616],[-54.1945,2.1631]]]}},{"type":"Feature","properties":{"FEATURECLA":"International boundary (verify)"},"geometry":{"type":"MultiLineString","coordinates":[[[-71.7574,19.7101],[-71.7486,19.6826],[-71.745,19.6649],[-71.746,19.649],[-71.7477,19.6228],[-71.7431,19.6001],[-71.7151,19.5375],[-71.7032,19.4593],[-71.7039,19.4146],[-71.7153,19.3917],[-71.7208,19.386],[-71.7335,19.3555],[-71.743,19.3484],[-71.77,19.3338],[-71.7765,19.3275],[-71.7716,19.3076],[-71.7537,19.2838],[-71.7495,19.2797],[-71.7165,19.2478],[-71.6517,19.2179],[-71.6391,19.2121],[-71.6437,19.1525],[-71.6488,19.1353],[-71.6614,19.1176],[-71.6953,19.0945],[-71.7104,19.0817],[-71.7403,19.0419],[-71.7837,18.9963],[-71.7968,18.9886],[-71.8481,18.9755],[-71.8654,18.9644],[-71.8625,18.9471]],[[-71.8197,18.9578],[-71.7963,18.9571],[-71.7871,18.95],[-71.773,18.9217],[-71.7638,18.9115],[-71.7409,18.8916],[-71.7335,18.8826],[-71.7279,18.8641],[-71.7269,18.8235],[-71.7188,18.7842],[-71.7203,18.7654],[-71.7253,18.747],[-71.7321,18.7301],[-71.7441,18.7114],[-71.7581,18.7005],[-71.7849,18.6847],[-71.7918,18.6807],[-71.7943,18.6792],[-71.808,18.6647],[-71.8286,18.6313],[-71.8416,18.618],[-71.8803,18.6054]],[[-71.8625,18.9471],[-71.8445,18.9497],[-71.8197,18.9578]],[[-71.8803,18.6054],[-71.9555,18.6186]],[[-71.9555,18.6186],[-71.9926,18.6111],[-72.0098,18.5988],[-72.0009,18.5825],[-71.9105,18.4943],[-71.9041,18.4848],[-71.9016,18.4698],[-71.9069,18.4643],[-71.9144,18.4602],[-71.9182,18.4492],[-71.9122,18.4307],[-71.8972,18.4229],[-71.8582,18.4136],[-71.8497,18.4064],[-71.8346,18.3851],[-71.8264,18.3762],[-71.7887,18.3522],[-71.735,18.3329],[-71.7207,18.324],[-71.7115,18.3161],[-71.7093,18.3133],[-71.7211,18.294],[-71.7217,18.293],[-71.7661,18.2203],[-71.774,18.2015],[-71.7768,18.1818],[-71.7753,18.1723],[-71.7646,18.1437],[-71.7622,18.1325],[-71.7629,18.1158],[-71.7607,18.0868],[-71.7643,18.0695],[-71.7762,18.0393]]]}},{"type":"Feature","properties":{"FEATURECLA":"International boundary (verify)"},"geometry":{"type":"LineString","coordinates":[[-90.0982,13.7309],[-90.1143,13.7963],[-90.1148,13.812],[-90.1123,13.8283],[-90.107,13.8441],[-90.099,13.8585],[-90.0871,13.8705],[-90.0596,13.8847],[-90.0474,13.8943],[-90.0381,13.9084],[-90.0315,13.9229],[-90.023,13.937],[-90.0082,13.9497],[-89.9121,14.0152],[-89.8908,14.0359],[-89.8801,14.0427],[-89.8359,14.0591],[-89.8211,14.0601],[-89.803,14.0555],[-89.7769,14.0358],[-89.7623,14.03],[-89.7476,14.0376],[-89.7473,14.0432],[-89.748,14.0449],[-89.7545,14.0594],[-89.7554,14.0671],[-89.7526,14.0752],[-89.7099,14.1487],[-89.6898,14.17],[-89.6646,14.1889],[-89.6383,14.2006],[-89.5309,14.2256],[-89.5245,14.2318],[-89.5247,14.2474],[-89.5279,14.2515],[-89.5405,14.2576],[-89.5449,14.2618],[-89.5468,14.2683],[-89.5486,14.2836],[-89.5499,14.2883],[-89.5557,14.299],[-89.5586,14.3028],[-89.5644,14.3081],[-89.5713,14.3111],[-89.5922,14.3138],[-89.5984,14.328],[-89.5924,14.3364],[-89.5824,14.3434],[-89.5761,14.3531],[-89.579,14.3648],[-89.5863,14.3747],[-89.5906,14.386],[-89.5841,14.4018],[-89.5699,14.412],[-89.5552,14.4108],[-89.5442,14.4001],[-89.5414,14.3815],[-89.5278,14.3911],[-89.503,14.4201],[-89.4961,14.4229],[-89.4853,14.4274],[-89.4694,14.4254],[-89.4581,14.4196],[-89.4468,14.4155],[-89.4311,14.4187],[-89.4084,14.4415],[-89.3982,14.4454],[-89.3969,14.426],[-89.3917,14.4337],[-89.3906,14.436],[-89.3618,14.4155],[-89.3616,14.4155]]}},{"type":"Feature","properties":{"FEATURECLA":"Lease limit"},"geometry":{"type":"MultiLineString","coordinates":[[[-75.0949,19.9716],[-75.095,19.8972]],[[-75.137,19.9716],[-75.0949,19.9716]]]}},{"type":"Feature","properties":{"FEATURECLA":"International boundary (verify)"},"geometry":{"type":"MultiLineString","coordinates":[[[-89.3616,14.4155],[-89.3462,14.4131],[-89.3076,14.4071],[-89.2765,14.3927],[-89.2255,14.3821],[-89.2002,14.3647],[-89.154,14.3513]],[[-89.1133,14.3971],[-89.1075,14.396],[-89.1026,14.3915],[-89.0968,14.384],[-89.0918,14.3748],[-89.0897,14.3649],[-89.0906,14.3547],[-89.0945,14.3449],[-89.0831,14.3353],[-89.049,14.3315],[-89.033,14.3237],[-89.0266,14.3113],[-89.0226,14.2807],[-89.0181,14.2717],[-88.9928,14.253],[-88.9835,14.2421],[-88.9746,14.2274],[-88.9708,14.2148],[-88.9702,14.2102],[-88.9692,14.202],[-88.966,14.1914],[-88.9572,14.1852]],[[-89.154,14.3513],[-89.1445,14.3597],[-89.1301,14.3867],[-89.1222,14.3947],[-89.1133,14.3971]],[[-88.9216,14.1999],[-88.906,14.1996],[-88.8813,14.1842],[-88.8603,14.1585],[-88.8453,14.1286],[-88.8388,14.1004]],[[-88.9572,14.1852],[-88.9475,14.1873],[-88.9356,14.194],[-88.9216,14.1999]],[[-88.7464,14.1113],[-88.7392,14.0999],[-88.7401,14.083],[-88.7461,14.0666],[-88.7466,14.0525],[-88.731,14.0425],[-88.7095,14.0397],[-88.7049,14.038],[-88.6977,14.032],[-88.6927,14.0253],[-88.6904,14.0169],[-88.6908,14.0118],[-88.6909,14.01]],[[-88.7773,14.0997],[-88.7654,14.1043],[-88.7551,14.1105],[-88.7464,14.1113]],[[-88.8212,14.1029],[-88.7773,14.0997]],[[-88.8388,14.1004],[-88.8212,14.1029]],[[-88.6593,14.0161],[-88.6339,14.0145],[-88.5581,13.9909],[-88.514,13.9876],[-88.5044,13.9837],[-88.4954,13.9751],[-88.4962,13.972],[-88.4965,13.9696],[-88.4971,13.9691],[-88.4979,13.9684]],[[-88.6909,14.01],[-88.6848,14.0123],[-88.6593,14.0161]],[[-88.2351,13.9929],[-88.2201,13.9913],[-88.2177,13.9908],[-88.1935,13.9856],[-88.1775,13.9852]],[[-88.2428,13.9367],[-88.2364,13.9381],[-88.2316,13.9518],[-88.2334,13.9545],[-88.2423,13.9625],[-88.2444,13.9661],[-88.2454,13.9859],[-88.2449,13.9893],[-88.2351,13.9929]],[[-88.1254,13.9913],[-88.099,13.9898],[-88.0875,13.9805],[-88.0729,13.9434],[-88.0584,13.9265],[-88.04,13.9101],[-88.0236,13.8912],[-88.0153,13.8664]],[[-88.1775,13.9852],[-88.1254,13.9913]],[[-88.4979,13.9684],[-88.4982,13.9684],[-88.5023,13.9689]],[[-88.5023,13.9689],[-88.5012,13.9666],[-88.4961,13.9557],[-88.4968,13.944],[-88.5002,13.9319],[-88.5023,13.9171],[-88.4995,13.9076],[-88.4887,13.8814],[-88.488,13.8653],[-88.4968,13.8512]],[[-88.2516,13.9381],[-88.2428,13.9367]],[[-88.3262,13.8851],[-88.3193,13.8976],[-88.3084,13.9015],[-88.2963,13.9024],[-88.2854,13.906],[-88.2775,13.9133],[-88.2742,13.9191],[-88.2702,13.926],[-88.2636,13.9331],[-88.2516,13.9381]],[[-87.8179,13.9159],[-87.8085,13.9086],[-87.7987,13.8823],[-87.7906,13.8705],[-87.7854,13.8674],[-87.7714,13.8621],[-87.7653,13.8589],[-87.7495,13.8456],[-87.7212,13.8219],[-87.7036,13.815],[-87.7126,13.8005],[-87.7328,13.7551],[-87.7378,13.7388],[-87.7314,13.7222],[-87.7363,13.7115],[-87.7463,13.7022],[-87.755,13.6899],[-87.7586,13.6723],[-87.7578,13.6352],[-87.7601,13.6169],[-87.7841,13.5605],[-87.7899,13.5328],[-87.7795,13.51],[-87.7692,13.5064]],[[-87.8705,13.8896],[-87.8609,13.8902],[-87.8512,13.8969],[-87.843,13.9071],[-87.8329,13.9153],[-87.8179,13.9159]],[[-87.9001,13.8941],[-87.8901,13.8935],[-87.8705,13.8896]],[[-87.9253,13.8796],[-87.9208,13.8819],[-87.9079,13.8915],[-87.9001,13.8941]],[[-87.9548,13.8925],[-87.9526,13.892],[-87.9469,13.8909],[-87.9322,13.8816],[-87.9253,13.8796]],[[-88.0153,13.8664],[-87.9697,13.8885],[-87.9548,13.8925]],[[-88.3486,13.8914],[-88.3406,13.89],[-88.3326,13.8877],[-88.3262,13.8851]],[[-88.3601,13.8724],[-88.3589,13.8753],[-88.3589,13.8812],[-88.3582,13.8874],[-88.3551,13.891],[-88.3486,13.8914]],[[-88.3929,13.8798],[-88.3834,13.8793],[-88.3674,13.8731],[-88.3601,13.8724]],[[-88.4968,13.8512],[-88.4702,13.8525],[-88.4514,13.8636],[-88.4332,13.8711],[-88.3929,13.8798]],[[-87.748,13.5132],[-87.7334,13.5077],[-87.7257,13.499],[-87.7206,13.487],[-87.7188,13.4737],[-87.7212,13.4608],[-87.7384,13.4417],[-87.8172,13.4066]],[[-87.7692,13.5064],[-87.748,13.5132]]]}},{"type":"Feature","properties":{"FEATURECLA":"International boundary (verify)"},"geometry":{"type":"MultiLineString","coordinates":[[[-85.0482,14.6058],[-85.0422,14.6135],[-85.0202,14.6337],[-85.0485,14.6533],[-85.0539,14.6631],[-85.0382,14.6672],[-85.033,14.6696],[-85.0298,14.6755],[-85.0245,14.7125],[-85.0157,14.7282],[-85.002,14.7407],[-84.9999,14.742],[-84.9844,14.7522]],[[-85.0864,14.5445],[-85.0652,14.5543],[-85.0296,14.589],[-85.0237,14.6025],[-85.0222,14.6058]],[[-85.0222,14.6058],[-85.0482,14.6058]],[[-85.1375,14.5785],[-85.1193,14.574],[-85.1034,14.5569],[-85.0864,14.5445]],[[-85.3478,14.2492],[-85.3436,14.2501],[-85.3408,14.2534],[-85.338,14.2607],[-85.3309,14.269],[-85.3268,14.2757],[-85.3214,14.2813],[-85.312,14.2837],[-85.2882,14.2951],[-85.2778,14.2973],[-85.24,14.2973],[-85.2152,14.3016],[-85.1902,14.3096],[-85.1696,14.3218],[-85.158,14.3383],[-85.159,14.3611],[-85.1719,14.381],[-85.1897,14.3968],[-85.2058,14.4072],[-85.1785,14.4276],[-85.1774,14.434],[-85.1797,14.4492],[-85.1785,14.4556],[-85.1554,14.4795],[-85.1518,14.486],[-85.1498,14.5365],[-85.1455,14.5643],[-85.1375,14.5785]],[[-85.3585,14.2509],[-85.3478,14.2492]],[[-85.6477,13.9878],[-85.6446,13.9888],[-85.6479,13.9993],[-85.6128,14.0097],[-85.6031,14.0195],[-85.5936,14.0335],[-85.5717,14.0405],[-85.5631,14.042],[-85.5466,14.0449],[-85.528,14.0509],[-85.5186,14.0646],[-85.5164,14.0805],[-85.5106,14.0938],[-85.4747,14.1034],[-85.4576,14.113],[-85.4317,14.1328],[-85.4202,14.1469],[-85.4091,14.1662],[-85.4009,14.1852],[-85.3936,14.2108],[-85.384,14.2264],[-85.3725,14.2411],[-85.3629,14.2501],[-85.3585,14.2509]],[[-86.0202,14.0552],[-86.0205,14.0441],[-86.0313,14.0226],[-86.0284,13.9961],[-85.9578,13.9461],[-85.9361,13.9182],[-85.9294,13.9121],[-85.9155,13.9074]],[[-86.4101,13.749],[-86.3585,13.7523],[-86.3401,13.7567],[-86.3252,13.7638],[-86.3136,13.7766],[-86.3078,13.7917],[-86.2999,13.8213],[-86.2841,13.8457],[-86.2186,13.9144],[-86.1841,13.9669],[-86.1736,13.9737],[-86.1618,13.9781],[-86.1497,13.9843],[-86.138,13.9962],[-86.1308,14.0089],[-86.1269,14.0186],[-86.1217,14.0272],[-86.1105,14.0371],[-86.0967,14.0441],[-86.0202,14.0552]],[[-85.6504,13.9879],[-85.6477,13.9878]],[[-85.6577,13.982],[-85.6515,13.982],[-85.652,13.9867],[-85.6504,13.9879]],[[-85.6662,13.9845],[-85.6577,13.982]],[[-85.6992,13.9615],[-85.6865,13.9673],[-85.6662,13.9845]],[[-85.7273,13.965],[-85.717,13.9627],[-85.6992,13.9615]],[[-85.7425,13.8237],[-85.7403,13.8256],[-85.7334,13.8318],[-85.7251,13.8479],[-85.723,13.8634],[-85.7287,13.875],[-85.7437,13.8796],[-85.7474,13.8883],[-85.7433,13.9076],[-85.7334,13.9376],[-85.7322,13.9595],[-85.7273,13.965]],[[-85.8836,13.9139],[-85.8616,13.9044],[-85.8499,13.8871],[-85.8401,13.8666],[-85.8242,13.8477],[-85.802,13.8402]],[[-85.9155,13.9074],[-85.9063,13.9094],[-85.8972,13.913],[-85.8836,13.9139]],[[-85.7787,13.8409],[-85.7583,13.8393],[-85.745,13.8247],[-85.7431,13.824],[-85.7425,13.8237]],[[-85.802,13.8402],[-85.7787,13.8409]],[[-86.5417,13.7821],[-86.5085,13.7644],[-86.4908,13.7595]],[[-86.6627,13.7647],[-86.5811,13.7799],[-86.5417,13.7821]],[[-86.4482,13.773],[-86.4325,13.7571],[-86.4265,13.753],[-86.4171,13.75],[-86.4101,13.749]],[[-86.4908,13.7595],[-86.4763,13.764],[-86.4629,13.7709],[-86.4482,13.773]],[[-86.7063,13.77],[-86.6627,13.7647]],[[-86.7493,13.2613],[-86.7398,13.2637],[-86.7327,13.2685],[-86.7255,13.2733],[-86.7118,13.2857],[-86.704,13.2988],[-86.7019,13.3142],[-86.7078,13.3428],[-86.7099,13.3489],[-86.7172,13.3616],[-86.7236,13.3673],[-86.7304,13.3689],[-86.7364,13.372],[-86.7402,13.3819],[-86.7387,13.3962],[-86.7259,13.4238],[-86.7243,13.4394],[-86.7566,13.5594],[-86.7571,13.5764],[-86.7509,13.6084],[-86.7516,13.6244],[-86.7554,13.6309],[-86.7641,13.6373],[-86.7682,13.6404],[-86.7721,13.6455],[-86.7741,13.6546],[-86.7712,13.7079],[-86.7702,13.7252],[-86.7679,13.7392],[-86.7662,13.7453],[-86.7614,13.7493],[-86.7499,13.7571],[-86.7272,13.7683],[-86.7063,13.77]],[[-86.8334,13.2934],[-86.8162,13.2919],[-86.7587,13.2642],[-86.7493,13.2613]],[[-87.035,12.9798],[-87.0296,12.9961],[-87.0088,13.0061],[-86.9832,13.0219],[-86.9718,13.0339],[-86.9484,13.0697],[-86.9427,13.0741],[-86.928,13.0812],[-86.9229,13.0864],[-86.9202,13.0962],[-86.9242,13.0998],[-86.9298,13.1022],[-86.9323,13.1085],[-86.9237,13.1611],[-86.9255,13.1636],[-86.9331,13.1797],[-86.9349,13.1855],[-86.9332,13.1882],[-86.926,13.2164],[-86.9189,13.2298],[-86.9108,13.2396],[-86.8627,13.2799],[-86.8495,13.2888],[-86.8334,13.2934]],[[-87.0847,12.9959],[-87.0698,12.9944],[-87.0469,12.9806],[-87.035,12.9798]],[[-87.314,12.9816],[-87.0847,12.9959]]]}},{"type":"Feature","properties":{"FEATURECLA":"International boundary (verify)"},"geometry":{"type":"MultiLineString","coordinates":[[[-83.3903,15.031],[-83.3778,15.0213],[-83.365,15.0163],[-83.3545,15.0101],[-83.3494,14.9968]],[[-83.4592,14.9825],[-83.4357,14.9852],[-83.4155,14.9969],[-83.3999,15.0136],[-83.3903,15.031]],[[-83.499,15.0127],[-83.4859,15.0105],[-83.4806,15.0055],[-83.4684,14.9874],[-83.4592,14.9825]],[[-83.5132,14.9689],[-83.5126,14.984],[-83.511,14.9902],[-83.5057,14.9968],[-83.5125,15.0065],[-83.5091,15.0115],[-83.499,15.0127]],[[-83.3171,15.0076],[-83.273,15.003],[-83.2849,14.9974],[-83.2857,14.9921],[-83.2783,14.9871],[-83.2662,14.9825]],[[-83.3494,14.9968],[-83.3342,15.0064],[-83.3171,15.0076]],[[-83.1437,14.9949],[-83.1304,14.997]],[[-83.1774,14.9968],[-83.1437,14.9949]],[[-83.2177,14.9825],[-83.1913,14.9943],[-83.1774,14.9968]],[[-83.262,14.9832],[-83.2177,14.9825]],[[-83.2662,14.9825],[-83.262,14.9832]],[[-83.523,14.9777],[-83.5132,14.9689]],[[-83.5269,14.9484],[-83.5299,14.9618],[-83.5286,14.9734],[-83.523,14.9777]],[[-83.5473,14.9552],[-83.5325,14.951],[-83.5269,14.9484]],[[-83.6231,14.8727],[-83.6156,14.8727],[-83.6113,14.8849],[-83.6092,14.8984],[-83.6043,14.9092],[-83.5798,14.9181],[-83.5549,14.9374],[-83.5405,14.9416],[-83.5424,14.9451],[-83.5451,14.9522],[-83.5473,14.9552]],[[-83.6721,14.8896],[-83.65,14.8885],[-83.6316,14.8832],[-83.6231,14.8727]],[[-83.7124,14.8385],[-83.705,14.8385],[-83.7145,14.8672],[-83.7106,14.8783],[-83.692,14.887],[-83.6721,14.8896]],[[-83.7339,14.853],[-83.7236,14.8516],[-83.7162,14.8471],[-83.7124,14.8385]],[[-83.8695,14.7771],[-83.8573,14.7878],[-83.8395,14.7974],[-83.8197,14.8036],[-83.8012,14.8038],[-83.809,14.8089],[-83.8139,14.8138],[-83.8211,14.8255],[-83.7653,14.8288],[-83.7445,14.8367],[-83.7466,14.8522],[-83.7339,14.853]],[[-84.8181,14.8287],[-84.7921,14.8211],[-84.7702,14.8051],[-84.7555,14.7815],[-84.7586,14.7787],[-84.7664,14.7689],[-84.7669,14.7669],[-84.747,14.7645],[-84.7443,14.7524],[-84.7453,14.7391],[-84.7248,14.7256],[-84.7144,14.7089],[-84.6993,14.6747]],[[-84.9844,14.7522],[-84.9665,14.7646],[-84.9206,14.8077],[-84.9042,14.817],[-84.8444,14.8275],[-84.8181,14.8287]],[[-83.9247,14.8038],[-83.9127,14.7972],[-83.8966,14.7804],[-83.8838,14.7771]],[[-84.0236,14.7583],[-83.9247,14.7634],[-83.9299,14.7717],[-83.9297,14.7809],[-83.9247,14.8038]],[[-84.1044,14.7939],[-84.0816,14.7798],[-84.079,14.7752],[-84.0752,14.7716],[-84.0647,14.7703]],[[-84.1023,14.7319],[-84.0954,14.7361],[-84.0954,14.7436],[-84.1042,14.7519],[-84.1111,14.761],[-84.1227,14.7845],[-84.1118,14.7934],[-84.1044,14.7939]],[[-83.8899,14.7907],[-83.8827,14.7878],[-83.8788,14.7867],[-83.8753,14.7843],[-83.8695,14.7771]],[[-83.8838,14.7771],[-83.885,14.7813],[-83.8899,14.7907]],[[-84.0478,14.7708],[-84.0427,14.7681],[-84.0408,14.7603],[-84.0236,14.7583]],[[-84.0647,14.7703],[-84.0478,14.7708]],[[-84.2492,14.7594],[-84.2354,14.7547],[-84.2264,14.7498],[-84.2187,14.7434],[-84.195,14.7187],[-84.1829,14.7139]],[[-84.2878,14.6672],[-84.2673,14.6777],[-84.2622,14.6998],[-84.2673,14.7467],[-84.2618,14.7585],[-84.2492,14.7594]],[[-84.1196,14.7361],[-84.1112,14.7347],[-84.1065,14.7323],[-84.1023,14.7319]],[[-84.1829,14.7139],[-84.1682,14.715],[-84.1438,14.7219],[-84.1379,14.7252],[-84.1339,14.73],[-84.1287,14.7342],[-84.1196,14.7361]],[[-84.3629,14.7156],[-84.3532,14.706],[-84.346,14.68],[-84.3384,14.6747],[-84.3232,14.6733],[-84.2989,14.668],[-84.2878,14.6672]],[[-84.4827,14.6195],[-84.4716,14.6226],[-84.4457,14.6367],[-84.4084,14.6494],[-84.39,14.6715],[-84.3761,14.6967],[-84.3629,14.7156]],[[-84.6808,14.6855],[-84.6617,14.6834],[-84.623,14.6672],[-84.6004,14.6625],[-84.5274,14.6604],[-84.5312,14.6533],[-84.5342,14.6337]],[[-84.6993,14.6747],[-84.6808,14.6855]],[[-84.519,14.6383],[-84.5085,14.6326],[-84.498,14.6239],[-84.4827,14.6195]],[[-84.5342,14.6337],[-84.519,14.6383]]]}},{"type":"Feature","properties":{"FEATURECLA":"International boundary (verify)"},"geometry":{"type":"MultiLineString","coordinates":[[[-57.3317,5.3076],[-57.3357,5.3169],[-57.3323,5.3279],[-57.3241,5.3386],[-57.2755,5.3874],[-57.2652,5.4034],[-57.2612,5.4268],[-57.2601,5.4482],[-57.2569,5.4641],[-57.2477,5.4849]],[[-57.2983,5.311],[-57.3084,5.3135]],[[-57.3084,5.3135],[-57.3228,5.3076],[-57.3317,5.3076]],[[-57.2717,5.2229],[-57.2805,5.2253],[-57.2855,5.2308],[-57.2873,5.2387],[-57.2888,5.3085],[-57.292,5.3113]],[[-57.292,5.3113],[-57.2983,5.311]],[[-57.2333,5.1421],[-57.2178,5.1486],[-57.202,5.1576],[-57.1898,5.1692],[-57.1849,5.1831],[-57.1924,5.2032],[-57.2257,5.2436],[-57.2325,5.2606],[-57.2333,5.2626],[-57.2376,5.2687],[-57.2476,5.2718]],[[-57.2476,5.2718],[-57.259,5.2712],[-57.2674,5.2663],[-57.2692,5.2567],[-57.264,5.247],[-57.2538,5.2349],[-57.2564,5.2283],[-57.263,5.224],[-57.2717,5.2229]],[[-57.2777,5.1769],[-57.2599,5.1763],[-57.2473,5.1724],[-57.2387,5.162],[-57.2333,5.1421]],[[-57.2905,5.0203],[-57.2805,5.0261],[-57.3169,5.059],[-57.3214,5.0702],[-57.3202,5.0834],[-57.3171,5.0948],[-57.3022,5.1285],[-57.2955,5.1572],[-57.289,5.171],[-57.2777,5.1769]],[[-57.3152,5.0261],[-57.3065,5.0244],[-57.2987,5.0211],[-57.2905,5.0203]],[[-57.4903,4.9914],[-57.4773,4.9925],[-57.4605,4.9976],[-57.3814,5.0057],[-57.3562,5.0124],[-57.3455,5.0166],[-57.3381,5.0208],[-57.3294,5.0241],[-57.3152,5.0261]],[[-57.5176,5.0124],[-57.5122,5.0092],[-57.4969,4.9947],[-57.4903,4.9914]],[[-57.6101,4.9914],[-57.5662,5.0071],[-57.5433,5.0111],[-57.5176,5.0124]],[[-57.6494,5.0084],[-57.6101,4.9914]],[[-57.7985,4.9231],[-57.774,4.9264],[-57.7623,4.9355],[-57.7473,4.964],[-57.7205,4.9898],[-57.6869,5.0063],[-57.6494,5.0084]],[[-57.8302,4.9331],[-57.8206,4.9303],[-57.811,4.9255],[-57.7985,4.9231]],[[-57.5964,3.3672],[-57.6132,3.3766],[-57.6415,3.3824],[-57.6499,3.3859],[-57.6548,3.3901],[-57.6582,3.3952],[-57.6625,3.4071],[-57.6646,3.4175],[-57.664,3.4258],[-57.6589,3.4439],[-57.6584,3.4506],[-57.6605,3.463],[-57.6607,3.4695],[-57.6455,3.499],[-57.644,3.5167],[-57.6604,3.5352],[-57.6813,3.5473],[-57.6851,3.5492],[-57.6872,3.5522],[-57.698,3.5536],[-57.7029,3.5557],[-57.7074,3.5607],[-57.7086,3.5641],[-57.7095,3.5677],[-57.7175,3.5824],[-57.7225,3.6],[-57.7261,3.6072],[-57.7642,3.6316],[-57.8131,3.6518],[-57.8298,3.6624],[-57.841,3.681],[-57.8469,3.7021],[-57.8496,3.7475],[-57.8539,3.7667],[-57.8751,3.8122],[-57.9258,3.8864],[-57.9421,3.9054],[-58.0079,3.9573],[-58.0321,3.9877],[-58.042,4.023],[-58.0551,4.1081],[-58.0677,4.1511],[-58.0659,4.1718],[-58.052,4.1931],[-57.965,4.282],[-57.9538,4.299],[-57.9474,4.3188],[-57.9453,4.3439],[-57.9481,4.3605],[-57.9535,4.3757],[-57.9566,4.3914],[-57.9527,4.4097],[-57.9428,4.4251],[-57.9313,4.4378],[-57.9219,4.4509],[-57.9145,4.4841],[-57.8961,4.5285],[-57.8791,4.5568],[-57.8633,4.6077],[-57.8454,4.6335],[-57.8374,4.6509],[-57.836,4.6698],[-57.8443,4.6875],[-57.8712,4.7217],[-57.8845,4.7629],[-57.9011,4.7739],[-57.9178,4.7824],[-57.9254,4.7961],[-57.9185,4.8298],[-57.9024,4.8527],[-57.8842,4.8723],[-57.8707,4.8889],[-57.8503,4.9228],[-57.8428,4.9299],[-57.8302,4.9331]]]}},{"type":"Feature","properties":{"FEATURECLA":"International boundary (verify)"},"geometry":{"type":"MultiLineString","coordinates":[[[-54.218,3.8576],[-54.2222,3.8662],[-54.2411,3.8764],[-54.2658,3.9225],[-54.2725,3.9295],[-54.2865,3.9407],[-54.2931,3.9498],[-54.3039,3.9845],[-54.3102,3.9942],[-54.3444,4.0249],[-54.3539,4.0417],[-54.3552,4.0665],[-54.351,4.0821],[-54.3376,4.1166],[-54.3347,4.1317],[-54.3386,4.1523],[-54.3489,4.1605],[-54.3825,4.1696],[-54.3949,4.1779],[-54.4066,4.1915],[-54.4105,4.2086],[-54.3996,4.2273],[-54.3932,4.2444],[-54.3941,4.2698],[-54.403,4.3129],[-54.4334,4.3764],[-54.4508,4.4842],[-54.448,4.5095],[-54.4282,4.5462],[-54.4235,4.5634],[-54.4235,4.6043],[-54.4253,4.6161],[-54.4377,4.6487],[-54.4386,4.6733],[-54.4351,4.6924],[-54.4355,4.7094],[-54.4473,4.7279],[-54.457,4.7333],[-54.4673,4.7362],[-54.4754,4.7417],[-54.4787,4.7552],[-54.4787,4.8787],[-54.485,4.8928],[-54.4867,4.903],[-54.4821,4.9128],[-54.4555,4.9314],[-54.4508,4.9367],[-54.4488,4.9515],[-54.4576,4.9914],[-54.4548,5.0085],[-54.4486,5.0243],[-54.4302,5.0534],[-54.3756,5.1149],[-54.3723,5.1211],[-54.3699,5.1324],[-54.3654,5.1388],[-54.35,5.1496],[-54.3436,5.1564],[-54.332,5.1962],[-54.3207,5.2125],[-54.3113,5.2258],[-54.2692,5.2691],[-54.1905,5.3257],[-54.171,5.3484]],[[-54.0501,3.6345],[-54.0507,3.6406],[-54.074,3.6761],[-54.0944,3.7471],[-54.1048,3.758],[-54.1255,3.7887],[-54.1361,3.7957],[-54.1702,3.8058],[-54.1816,3.811],[-54.1874,3.8147],[-54.1975,3.8269],[-54.207,3.8465],[-54.2145,3.8582]],[[-54.2145,3.8582],[-54.218,3.8576]],[[-54.0802,3.3097],[-54.0695,3.3271],[-54.0627,3.3467],[-54.0603,3.3642],[-54.0557,3.3777],[-54.0194,3.4154],[-54.003,3.4554],[-54.0063,3.531],[-53.9983,3.573],[-53.9903,3.5957],[-53.9888,3.611],[-53.9948,3.6236],[-54.0088,3.6379],[-54.0179,3.6415]],[[-54.0179,3.6415],[-54.0284,3.6398],[-54.0394,3.6364],[-54.0501,3.6345]]]}},{"type":"Feature","properties":{"FEATURECLA":"International boundary (verify)"},"geometry":{"type":"LineString","coordinates":[[-122.753,48.9925],[-122.6533,48.9925],[-122.4334,48.9925],[-122.2135,48.9925],[-121.9938,48.9925],[-121.774,48.9925],[-121.5542,48.9925],[-121.3343,48.9925],[-121.1145,48.9925],[-120.8947,48.9925],[-120.675,48.9925],[-120.4551,48.9925],[-120.2353,48.9925],[-120.0155,48.9925],[-119.7957,48.9925],[-119.5759,48.9925],[-119.356,48.9925],[-119.1362,48.9925],[-118.9165,48.9925],[-118.6967,48.9925],[-118.4769,48.9925],[-118.2571,48.9925],[-118.0372,48.9925],[-117.8174,48.9925],[-117.5977,48.9925],[-117.3779,48.9925],[-117.158,48.9925],[-117.0382,48.9925],[-116.9382,48.9925],[-116.7184,48.9925],[-116.4986,48.9925],[-116.2788,48.9925],[-116.059,48.9925],[-116.0482,48.9925],[-115.8391,48.9925],[-115.6194,48.9925],[-115.3995,48.9925],[-115.1797,48.9925],[-114.9599,48.9925],[-114.7401,48.9925],[-114.5203,48.9925],[-114.3005,48.9925],[-114.0807,48.9925],[-114.0638,48.9925],[-113.8609,48.9925],[-113.641,48.9925],[-113.4212,48.9925],[-113.2014,48.9925],[-112.9816,48.9925],[-112.7618,48.9926],[-112.542,48.9926],[-112.3222,48.9926],[-112.1024,48.9926],[-111.8826,48.9926],[-111.6627,48.9926],[-111.4429,48.9926],[-111.2231,48.9926],[-111.0033,48.9926],[-110.7835,48.9926],[-110.5637,48.9926],[-110.3439,48.9926],[-110.1241,48.9926],[-109.9993,48.9926],[-109.9043,48.9926],[-109.6845,48.9926],[-109.4647,48.9926],[-109.2449,48.9926],[-109.025,48.9926],[-108.8052,48.9926],[-108.5854,48.9926],[-108.3656,48.9926],[-108.1458,48.9926],[-107.926,48.9926],[-107.7062,48.9926],[-107.4864,48.9926],[-107.2666,48.9926],[-107.0468,48.9926],[-106.827,48.9926],[-106.6072,48.9926],[-106.3873,48.9926],[-106.1675,48.9926],[-105.9477,48.9926],[-105.7279,48.9926],[-105.5082,48.9926],[-105.2883,48.9926],[-105.0575,48.9926],[-104.8487,48.9926],[-104.6289,48.9926],[-104.409,48.9926],[-104.1892,48.9926],[-104.0476,48.9926],[-103.9695,48.9926],[-103.7497,48.9926],[-103.5299,48.9926],[-103.31,48.9926],[-103.0902,48.9926],[-102.8704,48.9926],[-102.6506,48.9926],[-102.4307,48.9926],[-102.2109,48.9927],[-101.9912,48.9927],[-101.7714,48.9927],[-101.5516,48.9927],[-101.3643,48.9927],[-101.3317,48.9927],[-101.1119,48.9927],[-100.8921,48.9927],[-100.6723,48.9927],[-100.4525,48.9927],[-100.2327,48.9927],[-100.0129,48.9927],[-99.7931,48.9927],[-99.5733,48.9927],[-99.3535,48.9927],[-99.1337,48.9927],[-98.9139,48.9927],[-98.694,48.9927],[-98.4742,48.9927],[-98.2544,48.9927],[-98.0346,48.9927],[-97.8148,48.9927],[-97.595,48.9927],[-97.3752,48.9927],[-97.2261,48.9927],[-97.1554,48.9927],[-96.9356,48.9927],[-96.7158,48.9927],[-96.496,48.9927],[-96.2762,48.9927],[-96.0563,48.9927],[-95.8365,48.9927],[-95.6167,48.9927],[-95.3969,48.9927],[-95.1771,48.9927],[-95.1685,48.995],[-95.1619,49.0011],[-95.1593,49.0118],[-95.1597,49.1095],[-95.16,49.2234],[-95.1603,49.313],[-95.1606,49.3695],[-95.1028,49.3539],[-94.9825,49.3562],[-94.9261,49.3456],[-94.8562,49.3183],[-94.8391,49.3089],[-94.8273,49.2929],[-94.8199,49.252],[-94.8104,49.2296],[-94.8061,49.2109],[-94.8112,49.1666],[-94.8037,49.1464],[-94.792,49.1265],[-94.7538,49.0262],[-94.7112,48.9146],[-94.7117,48.8628],[-94.7121,48.8424],[-94.7133,48.8238],[-94.7109,48.8075],[-94.7018,48.7901],[-94.6889,48.7788],[-94.5929,48.7264],[-94.5192,48.7045],[-94.4795,48.7007],[-94.3116,48.7139],[-94.2926,48.7119],[-94.284,48.7091],[-94.2745,48.7041],[-94.2655,48.6978],[-94.2585,48.6908],[-94.2558,48.6835],[-94.2525,48.6624],[-94.251,48.6573],[-94.2321,48.652],[-94.0348,48.6433],[-93.8749,48.6362],[-93.8357,48.6171],[-93.8094,48.5436],[-93.7787,48.5195],[-93.7568,48.5165],[-93.6163,48.5313],[-93.5999,48.5263],[-93.5666,48.5383],[-93.4918,48.5423],[-93.4599,48.5574],[-93.4523,48.5727],[-93.4538,48.587],[-93.4515,48.5974],[-93.4173,48.6041],[-93.3857,48.6149],[-93.2577,48.6303],[-93.1317,48.6246],[-92.9797,48.6177],[-92.9556,48.6122],[-92.8842,48.5799],[-92.7255,48.5487],[-92.6486,48.5363],[-92.6302,48.5195],[-92.6275,48.5028],[-92.6467,48.4974],[-92.6914,48.4899],[-92.7106,48.4829],[-92.7189,48.4598],[-92.7041,48.4452],[-92.6771,48.4417],[-92.6571,48.4382],[-92.5705,48.4467],[-92.5269,48.4456],[-92.4906,48.4331],[-92.4745,48.4105],[-92.4676,48.3943],[-92.4671,48.3532],[-92.4625,48.3293],[-92.4514,48.3127],[-92.4182,48.282],[-92.3846,48.2324],[-92.3719,48.2226],[-92.3538,48.2229],[-92.3279,48.2294],[-92.3037,48.2393],[-92.291,48.2496],[-92.2921,48.2703],[-92.3014,48.2906],[-92.3031,48.3109],[-92.2816,48.3318],[-92.2591,48.3396],[-92.1547,48.3501],[-92.0705,48.3467],[-92.0434,48.3346],[-92.0301,48.3132],[-92.0214,48.2874],[-92.008,48.2625],[-91.9922,48.2479],[-91.9755,48.2366],[-91.9573,48.2283],[-91.8522,48.196],[-91.765,48.1873],[-91.7441,48.1796],[-91.7276,48.1683],[-91.6955,48.1376],[-91.7164,48.1121],[-91.6925,48.0979],[-91.6186,48.0896],[-91.5975,48.0904],[-91.5897,48.0883],[-91.5811,48.0809],[-91.5798,48.071],[-91.5851,48.0608],[-91.587,48.0526],[-91.5748,48.0482],[-91.4871,48.0535],[-91.4647,48.049],[-91.4463,48.0407],[-91.4279,48.0364],[-91.3654,48.0578],[-91.2764,48.0648],[-91.2381,48.0826],[-91.204,48.1077],[-91.0711,48.1709],[-91.0282,48.1848],[-91.0081,48.1944],[-90.9232,48.2271],[-90.8738,48.2343],[-90.8407,48.2201],[-90.8379,48.2105],[-90.8488,48.1987],[-90.8497,48.1896],[-90.843,48.177],[-90.8343,48.1718],[-90.8239,48.1683],[-90.8123,48.161],[-90.8031,48.1472],[-90.7967,48.1171],[-90.7865,48.1005],[-90.7503,48.084],[-90.7013,48.0846],[-90.6111,48.1035],[-90.5868,48.1048],[-90.5739,48.0979],[-90.5622,48.0888],[-90.542,48.0837],[-90.5316,48.0846],[-90.5019,48.0943],[-90.4905,48.0962],[-90.4835,48.0945],[-90.4779,48.0915],[-90.4706,48.0899],[-90.1786,48.1164],[-90.1204,48.1154],[-90.0733,48.1012],[-90.061,48.091],[-90.0082,48.0297],[-89.9953,48.0186],[-89.9803,48.0101],[-89.9204,47.9875],[-89.9024,47.9859],[-89.8035,48.0138],[-89.781,48.0172],[-89.7633,48.0173],[-89.746,48.0138],[-89.7246,48.0059],[-89.7128,48.0034],[-89.6787,48.0087],[-89.6566,48.008],[-89.5931,47.9965],[-89.499,47.9951],[-89.4618,47.9945],[-89.3871,47.9805],[-89.3636,47.9796],[-89.3404,47.9842],[-89.2455,48.0212],[-89.0953,48.0799],[-88.9046,48.1543],[-88.7821,48.2021],[-88.6427,48.2566],[-88.5789,48.2704],[-88.4079,48.3041],[-88.3765,48.3051],[-88.3473,48.2987],[-88.1597,48.2249],[-87.9721,48.1512],[-87.7845,48.0774],[-87.5969,48.0037],[-87.4093,47.93],[-87.2217,47.8563],[-87.0342,47.7825],[-86.8466,47.7087],[-86.7418,47.6664],[-86.6371,47.6241],[-86.5323,47.5819],[-86.4276,47.5396],[-86.3229,47.4972],[-86.2181,47.4549],[-86.1134,47.4127],[-86.0086,47.3704],[-85.8836,47.3186],[-85.7586,47.2668],[-85.6336,47.215],[-85.5086,47.1632],[-85.3836,47.1114],[-85.2586,47.0597],[-85.1337,47.0078],[-85.0087,46.956],[-84.9924,46.9488],[-84.9762,46.9415],[-84.96,46.9342],[-84.9437,46.927],[-84.9274,46.9197],[-84.9112,46.9125],[-84.8949,46.9051],[-84.8787,46.8979],[-84.8637,46.8819],[-84.8542,46.8612],[-84.8354,46.8039],[-84.8164,46.7459],[-84.7875,46.6572],[-84.7733,46.6334],[-84.6937,46.5649],[-84.5894,46.4751],[-84.5666,46.4612],[-84.5413,46.4528],[-84.5123,46.4516],[-84.4922,46.4569],[-84.4783,46.4665],[-84.4654,46.4782],[-84.4481,46.4897],[-84.4232,46.5116],[-84.3897,46.5203],[-84.3525,46.5227],[-84.3053,46.5016],[-84.242,46.5265],[-84.1973,46.5464],[-84.1477,46.5413],[-84.1104,46.5265],[-84.1588,46.4333],[-84.1477,46.3999],[-84.129,46.375],[-84.1054,46.3477],[-84.1129,46.3279],[-84.1191,46.3142],[-84.1141,46.2956],[-84.1067,46.277],[-84.0992,46.2509],[-84.0992,46.2372],[-84.0968,46.2248],[-84.0868,46.2012],[-84.0558,46.1714],[-84.021,46.1516],[-84.0142,46.116],[-84.0088,46.1123],[-83.9958,46.1012],[-83.9764,46.0731],[-83.9646,46.0632],[-83.9473,46.0606],[-83.9307,46.067],[-83.8727,46.1079],[-83.8564,46.1157],[-83.8393,46.1192],[-83.8181,46.1166],[-83.7665,46.1065],[-83.6648,46.1192],[-83.6139,46.1156],[-83.5654,46.0908],[-83.5088,46.0474],[-83.492,46.0371],[-83.4741,46.0231],[-83.4628,46.0078],[-83.4659,45.9931],[-83.5102,45.9324],[-83.5562,45.8697],[-83.6369,45.7739],[-83.484,45.7719],[-83.3593,45.7158],[-83.1993,45.6416],[-83.019,45.5619],[-82.7594,45.4472],[-82.5888,45.3718],[-82.5483,45.3346],[-82.5321,45.2935],[-82.4841,45.0832],[-82.436,44.873],[-82.3879,44.6627],[-82.3399,44.4524],[-82.2918,44.2422],[-82.2437,44.0319],[-82.1956,43.8217],[-82.1476,43.6113],[-82.1454,43.6006],[-82.1457,43.5764],[-82.1536,43.5496],[-82.1859,43.4873],[-82.218,43.425],[-82.2502,43.3628],[-82.2824,43.3005],[-82.3145,43.2382],[-82.3467,43.1758],[-82.3789,43.1136],[-82.4111,43.0513],[-82.4164,43.0171],[-82.4146,42.9832],[-82.4304,42.9513],[-82.4532,42.919],[-82.4648,42.8836],[-82.468,42.864],[-82.4823,42.8351],[-82.4853,42.8185],[-82.4736,42.7982],[-82.471,42.7906],[-82.4713,42.7798],[-82.477,42.7615],[-82.4834,42.7193],[-82.5113,42.6467],[-82.5262,42.6199],[-82.5492,42.5909],[-82.5758,42.5718],[-82.6085,42.5611],[-82.6443,42.5578],[-82.6944,42.5191],[-82.8001,42.418],[-82.8328,42.398],[-82.9435,42.3555],[-83.0404,42.3319],[-83.08,42.3051],[-83.1098,42.2723],[-83.1285,42.24],[-83.1359,42.2003],[-83.1396,42.1159],[-83.1595,42.0463],[-83.157,42.0004],[-83.1325,41.942],[-83.1234,41.9203],[-83.0974,41.8758],[-83.0684,41.8477],[-82.9838,41.8081],[-82.8652,41.7525],[-82.7111,41.6802],[-82.6669,41.6691],[-82.4513,41.6719],[-82.4249,41.6768],[-82.2814,41.7433],[-82.1377,41.8098],[-81.9942,41.8762],[-81.8507,41.9427],[-81.7073,42.0092],[-81.5637,42.0757],[-81.4202,42.1422],[-81.2767,42.2087],[-81.1479,42.2283],[-81.0192,42.2478],[-80.8904,42.2674],[-80.7617,42.287],[-80.6329,42.3066],[-80.5202,42.3238],[-80.5042,42.3262],[-80.3754,42.3458],[-80.2466,42.3655],[-80.0932,42.4202],[-79.9398,42.4748],[-79.7864,42.5294],[-79.763,42.5377],[-79.633,42.584],[-79.4796,42.6387],[-79.3262,42.6933],[-79.1728,42.748],[-79.0194,42.8027],[-78.9631,42.8401],[-78.919,42.8892],[-78.9091,42.9302],[-78.9153,42.9476],[-78.9363,42.96],[-78.96,42.9662],[-78.9835,42.9761],[-79.0084,42.991],[-79.022,43.0022],[-79.032,43.0134],[-79.0282,43.0345],[-79.022,43.0494],[-79.0233,43.0581],[-79.0308,43.0668],[-79.0419,43.0755],[-79.0555,43.0879],[-79.0629,43.0965],[-79.0653,43.1059],[-79.0657,43.1202],[-79.0614,43.1303],[-79.0556,43.1384],[-79.0516,43.1469],[-79.0493,43.1598],[-79.0486,43.1706],[-79.0538,43.2604],[-79.0584,43.2778],[-79.0916,43.3425],[-79.1743,43.4645],[-79.079,43.4989],[-78.9462,43.5467],[-78.7508,43.6171],[-78.6881,43.6318],[-78.4573,43.631],[-78.2265,43.6302],[-77.9957,43.6294],[-77.7648,43.6287],[-77.534,43.6279],[-77.3032,43.6271],[-77.0724,43.6263],[-76.8415,43.6255],[-76.836,43.628],[-76.8305,43.6304],[-76.8249,43.6329],[-76.8194,43.6354],[-76.8138,43.6379],[-76.8083,43.6403],[-76.8027,43.6428],[-76.7972,43.6453],[-76.7544,43.7001],[-76.7115,43.755],[-76.6687,43.8099],[-76.6259,43.8648],[-76.583,43.9196],[-76.5402,43.9745],[-76.4974,44.0294],[-76.4546,44.0842],[-76.43,44.1033],[-76.3501,44.1517],[-76.3444,44.1582],[-76.3414,44.1658],[-76.3371,44.1737],[-76.3278,44.1815],[-76.3172,44.1851],[-76.2066,44.2174],[-76.1858,44.2257],[-76.1693,44.2424],[-76.1697,44.2477],[-76.1781,44.2721],[-76.1787,44.2786],[-76.1498,44.3045],[-76.0673,44.348],[-75.8987,44.4],[-75.8703,44.4086],[-75.8557,44.422],[-75.8454,44.439],[-75.8309,44.4643],[-75.7912,44.4968],[-75.7546,44.5276],[-75.6997,44.5817],[-75.5782,44.6615],[-75.456,44.7418],[-75.3418,44.8167],[-75.2702,44.8638],[-75.1296,44.9252],[-75.0756,44.9355],[-75.0587,44.941],[-75.0149,44.966],[-74.9986,44.9724],[-74.9402,44.9877],[-74.9037,45.0052],[-74.8865,45.0094],[-74.8685,45.0101],[-74.7416,44.9989],[-74.713,44.9993],[-74.6959,44.998],[-74.5961,44.9985],[-74.4964,44.999],[-74.3966,44.9995],[-74.2969,45],[-74.1971,45.0005],[-74.0974,45.001],[-73.9976,45.0014],[-73.8979,45.002],[-73.7982,45.0025],[-73.6984,45.0029],[-73.5987,45.0034],[-73.4989,45.0039],[-73.3992,45.0044],[-73.3513,45.0046],[-73.2994,45.0049],[-73.1997,45.0054],[-73.1,45.0059],[-73.0003,45.0064],[-72.9005,45.0069],[-72.8007,45.0073],[-72.701,45.0078],[-72.6013,45.0083],[-72.5015,45.0088],[-72.4018,45.0093],[-72.302,45.0098],[-72.2022,45.0103],[-72.1025,45.0108],[-72.0028,45.0113],[-71.9031,45.0118],[-71.8033,45.0122],[-71.7036,45.0128],[-71.6038,45.0133],[-71.5058,45.0137],[-71.5041,45.0137],[-71.5066,45.037],[-71.5048,45.053],[-71.4973,45.0666],[-71.4566,45.111],[-71.4512,45.1217],[-71.446,45.1403],[-71.4416,45.1507],[-71.413,45.1862],[-71.4066,45.2049],[-71.4227,45.2172],[-71.449,45.2269],[-71.4388,45.2335],[-71.3949,45.2415],[-71.3812,45.2508],[-71.3521,45.2783],[-71.3343,45.2887],[-71.3115,45.2941],[-71.2934,45.2923],[-71.2094,45.2548],[-71.1851,45.2486],[-71.1603,45.2458],[-71.1417,45.2523],[-71.111,45.2871],[-71.0952,45.3009],[-71.0856,45.3042],[-71.085,45.3043],[-71.0642,45.3071],[-71.0544,45.3104],[-71.0367,45.3234],[-71.0276,45.3347],[-71.0165,45.3431],[-70.9932,45.3478],[-70.9681,45.3445],[-70.9516,45.332],[-70.9069,45.2462],[-70.8924,45.2346],[-70.8744,45.2457],[-70.8706,45.2553],[-70.8725,45.2742],[-70.8702,45.2831],[-70.8626,45.2904],[-70.8424,45.3012],[-70.8353,45.3098],[-70.8321,45.3286],[-70.8355,45.3731],[-70.8338,45.3931],[-70.826,45.4105],[-70.813,45.4234],[-70.7949,45.4304],[-70.7719,45.43],[-70.7525,45.4223],[-70.718,45.3973],[-70.6967,45.3887],[-70.6758,45.3887],[-70.6536,45.3955],[-70.6413,45.4085],[-70.6503,45.4275],[-70.6682,45.439],[-70.7074,45.4564],[-70.7228,45.4709],[-70.732,45.4916],[-70.7303,45.508],[-70.6868,45.5727],[-70.5896,45.6518],[-70.5724,45.6623],[-70.5147,45.6817],[-70.4848,45.6996],[-70.4728,45.7036],[-70.4504,45.7037],[-70.4391,45.7059],[-70.4193,45.7169],[-70.4074,45.7315],[-70.4024,45.7497],[-70.4039,45.7712],[-70.4083,45.7817],[-70.4137,45.7877],[-70.4172,45.7938],[-70.4152,45.8044],[-70.4099,45.8107],[-70.3898,45.8251],[-70.3127,45.8676],[-70.2832,45.8905],[-70.2625,45.923],[-70.2559,45.9489],[-70.2631,45.9568],[-70.2804,45.9593],[-70.3039,45.9686],[-70.3163,45.983],[-70.3169,45.999],[-70.3061,46.0353],[-70.3036,46.0385],[-70.2943,46.0449],[-70.292,46.0487],[-70.293,46.054],[-70.2961,46.0579],[-70.3008,46.0617],[-70.3048,46.066],[-70.3114,46.0719],[-70.3126,46.0796],[-70.3003,46.0893],[-70.2644,46.1066],[-70.2495,46.1206],[-70.244,46.141],[-70.2492,46.1628],[-70.2633,46.1832],[-70.2848,46.1919],[-70.2809,46.2119],[-70.2534,46.2515],[-70.2362,46.2883],[-70.2237,46.3008],[-70.2019,46.3055],[-70.1995,46.3153],[-70.197,46.3369],[-70.1884,46.3584],[-70.1674,46.3682],[-70.1531,46.3728],[-70.0743,46.4195],[-70.0618,46.4454],[-70.0501,46.5113],[-70.0327,46.6098],[-70.0236,46.6613],[-70.0078,46.7041],[-69.99,46.7217],[-69.8997,46.8116],[-69.8094,46.9013],[-69.7191,46.9911],[-69.6288,47.0808],[-69.5385,47.1706],[-69.4482,47.2603],[-69.3579,47.3501],[-69.2676,47.4398],[-69.2509,47.4529],[-69.2373,47.4588],[-69.222,47.4597],[-69.0697,47.4319],[-69.054,47.4184],[-69.0543,47.3893],[-69.0662,47.3297],[-69.0651,47.2963],[-69.0636,47.2908],[-69.0575,47.2695],[-69.0402,47.2491],[-68.9062,47.1902],[-68.8897,47.1906],[-68.7618,47.237],[-68.7178,47.2452],[-68.6688,47.2434],[-68.6442,47.2453],[-68.6256,47.2552],[-68.6079,47.2698],[-68.5852,47.2825],[-68.5397,47.2999],[-68.518,47.3048],[-68.492,47.3076],[-68.4667,47.3057],[-68.4353,47.2913],[-68.4226,47.2931],[-68.4102,47.2974],[-68.3856,47.3017],[-68.3834,47.3071],[-68.3848,47.3159],[-68.382,47.3278],[-68.3478,47.3585],[-68.2997,47.3678],[-68.2464,47.3606],[-68.197,47.3414],[-68.1843,47.3331],[-68.1561,47.3067],[-68.1451,47.3015],[-68.1154,47.2923],[-68.1014,47.2862],[-68.0394,47.2452],[-67.9932,47.2232],[-67.9624,47.1977],[-67.9537,47.1866],[-67.95,47.1729],[-67.9434,47.1645],[-67.8991,47.1388],[-67.8706,47.1074],[-67.8547,47.0979],[-67.8136,47.0819],[-67.8087,47.0751],[-67.8052,47.0356],[-67.8025,46.9012],[-67.8,46.7668],[-67.7974,46.6323],[-67.7948,46.4979],[-67.7923,46.3635],[-67.7897,46.229],[-67.7871,46.0946],[-67.7846,45.9601],[-67.7828,45.9505],[-67.7766,45.9429],[-67.7675,45.936],[-67.7597,45.9286],[-67.7578,45.9195],[-67.7694,45.904],[-67.7874,45.89],[-67.7992,45.8757],[-67.7926,45.8589],[-67.7761,45.8408],[-67.7728,45.8281],[-67.7799,45.8157],[-67.7941,45.7992],[-67.8063,45.7818],[-67.8111,45.7665],[-67.807,45.7129],[-67.8001,45.6998],[-67.7861,45.6912],[-67.7618,45.6801],[-67.748,45.6778],[-67.7407,45.6836],[-67.7355,45.6908],[-67.728,45.6923],[-67.7174,45.6854],[-67.7105,45.6754],[-67.7048,45.6642],[-67.6908,45.6538],[-67.6603,45.6374],[-67.6075,45.6201],[-67.5519,45.6104],[-67.5064,45.6098],[-67.4758,45.613],[-67.45,45.6108],[-67.4313,45.5979],[-67.4221,45.5688],[-67.4262,45.5334],[-67.443,45.5222],[-67.4675,45.5083],[-67.4932,45.4931],[-67.4823,45.4555],[-67.4288,45.3871],[-67.4346,45.3503],[-67.4591,45.3184],[-67.4687,45.3018],[-67.475,45.2824],[-67.4713,45.2663],[-67.4276,45.2366],[-67.3905,45.1931],[-67.3563,45.1659],[-67.3192,45.1539],[-67.2846,45.1697],[-67.2796,45.1791],[-67.2792,45.1874],[-67.2772,45.1951],[-67.2673,45.2025],[-67.255,45.205],[-67.2424,45.2026],[-67.2191,45.1921],[-67.2062,45.1894],[-67.176,45.1787]]}},{"type":"Feature","properties":{"FEATURECLA":"International boundary (verify)"},"geometry":{"type":"MultiLineString","coordinates":[[[-111.0063,31.3272],[-111.0671,31.3336],[-111.0945,31.3425],[-111.1459,31.3591],[-111.1974,31.3756],[-111.2489,31.3921],[-111.3003,31.4087],[-111.3518,31.4253],[-111.4033,31.4419],[-111.4548,31.4583],[-111.5062,31.475],[-111.9155,31.6014],[-112.3247,31.728],[-112.734,31.8545],[-113.1432,31.981],[-113.5524,32.1076],[-113.9617,32.2341],[-114.3709,32.3607],[-114.7801,32.4872],[-114.8168,32.4985],[-114.8194,32.4994],[-114.8221,32.5002],[-114.8094,32.5113],[-114.7955,32.5522],[-114.7942,32.5741],[-114.8027,32.5945],[-114.7868,32.621],[-114.7815,32.6281],[-114.7588,32.6448],[-114.7512,32.6522],[-114.7395,32.6691],[-114.7312,32.6866],[-114.7239,32.7115],[-114.7243,32.7128],[-114.7243,32.7128]],[[-114.7243,32.7128],[-114.7645,32.7098],[-114.8381,32.7042],[-114.9116,32.6987],[-114.9852,32.6931],[-115.0587,32.6876],[-115.1323,32.682],[-115.2058,32.6765],[-115.2793,32.6708],[-115.3529,32.6653],[-115.4264,32.6598],[-115.4999,32.6542],[-115.5735,32.6487],[-115.647,32.6431],[-115.7205,32.6375],[-115.7941,32.632],[-115.8676,32.6264],[-115.9412,32.6208],[-116.0147,32.6153],[-116.0882,32.6097],[-116.1617,32.6042],[-116.2353,32.5986],[-116.3089,32.593],[-116.3824,32.5875],[-116.456,32.5819],[-116.5295,32.5763],[-116.603,32.5708],[-116.6765,32.5652],[-116.7501,32.5597],[-116.8236,32.5541],[-116.8972,32.5485],[-116.9707,32.543],[-117.0442,32.5374],[-117.1251,32.5317]],[[-108.1375,31.7775],[-108.1633,31.7776],[-108.1893,31.7777],[-108.2151,31.7778]],[[-108.2151,31.7778],[-108.2151,31.7707],[-108.2151,31.7637],[-108.2151,31.7567],[-108.2151,31.7496],[-108.2151,31.7426],[-108.2151,31.7356],[-108.2151,31.7286],[-108.2151,31.7215],[-108.2151,31.7144],[-108.2151,31.7074],[-108.2151,31.7004],[-108.2151,31.6933],[-108.2151,31.6863],[-108.2151,31.6793],[-108.2151,31.6722],[-108.2151,31.6651],[-108.215,31.6582],[-108.215,31.6511],[-108.215,31.6441],[-108.215,31.637],[-108.215,31.63],[-108.215,31.623],[-108.215,31.616],[-108.215,31.6089],[-108.215,31.6018],[-108.215,31.5948],[-108.215,31.5878],[-108.215,31.5808],[-108.215,31.5737],[-108.215,31.5667],[-108.215,31.5596],[-108.215,31.5526],[-108.215,31.5456],[-108.215,31.5385],[-108.215,31.5315],[-108.215,31.5245],[-108.215,31.5174],[-108.215,31.5104],[-108.215,31.5034],[-108.215,31.4963],[-108.215,31.4892],[-108.215,31.4822],[-108.215,31.4752],[-108.215,31.4682],[-108.215,31.4611],[-108.215,31.4541],[-108.215,31.4471],[-108.2149,31.44],[-108.2149,31.433],[-108.2149,31.4259],[-108.2149,31.4189],[-108.2149,31.4119],[-108.2149,31.4048],[-108.2149,31.3978],[-108.2149,31.3908],[-108.2149,31.3837],[-108.2149,31.3766],[-108.2149,31.3697],[-108.2149,31.3626],[-108.2149,31.3556],[-108.2149,31.3485],[-108.2149,31.3416],[-108.2149,31.3345],[-108.2148,31.3274],[-108.2576,31.3274],[-108.3003,31.3274],[-108.343,31.3274],[-108.3857,31.3274],[-108.4284,31.3274],[-108.4712,31.3274],[-108.5138,31.3274],[-108.5565,31.3274],[-108.5993,31.3274],[-108.642,31.3274],[-108.6848,31.3274],[-108.7275,31.3274],[-108.7702,31.3274],[-108.8129,31.3274],[-108.8556,31.3274],[-108.8983,31.3274],[-108.941,31.3274],[-108.9683,31.3274],[-108.9837,31.3274],[-109.0265,31.3274],[-109.0474,31.3274],[-109.0692,31.3274],[-109.1119,31.3274],[-109.1546,31.3274],[-109.1974,31.3274],[-109.2401,31.3273],[-109.2828,31.3273],[-109.3255,31.3273],[-109.3682,31.3273],[-109.4109,31.3273],[-109.4536,31.3273],[-109.4964,31.3273],[-109.5391,31.3273],[-109.5818,31.3273],[-109.6245,31.3273],[-109.6672,31.3273],[-109.71,31.3273],[-109.7526,31.3273],[-109.7953,31.3273],[-109.8381,31.3273],[-109.8808,31.3273],[-109.9236,31.3273],[-109.9663,31.3272],[-110.009,31.3272],[-110.0517,31.3272],[-110.0944,31.3272],[-110.1371,31.3272],[-110.1798,31.3272],[-110.2225,31.3272],[-110.2652,31.3272],[-110.308,31.3272],[-110.3508,31.3272],[-110.3935,31.3272],[-110.4362,31.3272],[-110.4789,31.3272],[-110.5216,31.3272],[-110.5643,31.3272],[-110.607,31.3272],[-110.6497,31.3272],[-110.6924,31.3272],[-110.7352,31.3272],[-110.7779,31.3272],[-110.8206,31.3272],[-110.8634,31.3272],[-110.9061,31.3272],[-110.9488,31.3272],[-111.0063,31.3272]],[[-108.0857,31.7774],[-108.1116,31.7775]],[[-108.1116,31.7775],[-108.1375,31.7775]],[[-107.8788,31.7769],[-107.9046,31.777],[-107.9305,31.7771],[-107.9564,31.7771],[-107.9822,31.7772],[-108.0081,31.7772],[-108.034,31.7773],[-108.0599,31.7774]],[[-108.0599,31.7774],[-108.0857,31.7774]],[[-107.6717,31.7765],[-107.6976,31.7766],[-107.7235,31.7766],[-107.7494,31.7767],[-107.7753,31.7767],[-107.8011,31.7768],[-107.827,31.7769],[-107.8529,31.7769]],[[-107.8529,31.7769],[-107.8788,31.7769]],[[-107.387,31.7758],[-107.4129,31.7758],[-107.4388,31.7759],[-107.4647,31.776],[-107.4906,31.7761],[-107.5164,31.7761],[-107.5423,31.7762],[-107.5682,31.7763],[-107.5941,31.7763],[-107.62,31.7764],[-107.6459,31.7765]],[[-107.6459,31.7765],[-107.6717,31.7765]],[[-107.2059,31.7754],[-107.2318,31.7754],[-107.2576,31.7755],[-107.2835,31.7755],[-107.3094,31.7756],[-107.3353,31.7757],[-107.3611,31.7758]],[[-107.3611,31.7758],[-107.387,31.7758]],[[-107.1283,31.7752],[-107.1541,31.7752],[-107.18,31.7754]],[[-107.18,31.7754],[-107.2059,31.7754]],[[-106.9212,31.7747],[-106.9471,31.7748],[-106.973,31.7749],[-106.9989,31.7749],[-107.0248,31.775],[-107.0507,31.775],[-107.0765,31.7751],[-107.1024,31.7752]],[[-107.1024,31.7752],[-107.1283,31.7752]],[[-106.7142,31.7742],[-106.7401,31.7743],[-106.7659,31.7744],[-106.7918,31.7744],[-106.8177,31.7745],[-106.8436,31.7745],[-106.8694,31.7746],[-106.8953,31.7747]],[[-106.8953,31.7747],[-106.9212,31.7747]],[[-106.4731,31.7551],[-106.4928,31.759],[-106.5014,31.7663],[-106.5061,31.7703],[-106.5172,31.7738],[-106.559,31.7739],[-106.5849,31.7739],[-106.6107,31.774],[-106.6366,31.7741],[-106.6625,31.7741],[-106.6883,31.7742]],[[-106.6883,31.7742],[-106.7142,31.7742]],[[-105.249,30.7988],[-105.2595,30.803],[-105.2658,30.8084],[-105.2708,30.8143],[-105.277,30.8194],[-105.3343,30.8438],[-105.3638,30.8504],[-105.3762,30.8596],[-105.4155,30.9025],[-105.4967,30.9565],[-105.5308,30.9917],[-105.556,31.0026],[-105.5657,31.0167],[-105.5786,31.0522],[-105.5909,31.0714],[-105.6059,31.0819],[-105.6235,31.0904],[-105.6438,31.1037],[-105.668,31.1279],[-105.6752,31.132],[-105.6923,31.1376],[-105.7682,31.18],[-105.7779,31.1927],[-105.7848,31.211],[-105.862,31.2884],[-105.8801,31.3009],[-105.897,31.306],[-105.8971,31.3095],[-105.9088,31.317],[-105.9281,31.3265],[-105.9346,31.3355],[-105.9418,31.3524],[-105.9485,31.3612],[-105.9612,31.371],[-106.0047,31.3969],[-106.0211,31.4022],[-106.0463,31.4046],[-106.0653,31.411],[-106.0994,31.4289],[-106.1411,31.4392],[-106.1643,31.4478],[-106.1745,31.4603],[-106.2092,31.4773],[-106.2154,31.4839],[-106.2174,31.4887],[-106.2187,31.4946],[-106.2229,31.5046],[-106.2327,31.5199],[-106.2747,31.5626],[-106.2863,31.5801],[-106.3123,31.6486],[-106.3313,31.6822],[-106.3585,31.7175],[-106.3918,31.7459],[-106.429,31.7585]],[[-106.429,31.7585],[-106.4731,31.7551]],[[-105.1609,30.7641],[-105.1627,30.7749],[-105.1673,30.7812],[-105.1748,30.784],[-105.1851,30.7846],[-105.1953,30.7879],[-105.2049,30.8024],[-105.2121,30.8057],[-105.2182,30.8068],[-105.2293,30.8102]],[[-105.2293,30.8102],[-105.2329,30.8091],[-105.2399,30.8015],[-105.244,30.7991],[-105.249,30.7988]],[[-105.1404,30.7505],[-105.1532,30.7632],[-105.1578,30.7657]],[[-105.1578,30.7657],[-105.1609,30.7641]],[[-104.3385,29.524],[-104.349,29.5376],[-104.4304,29.5828],[-104.4378,29.5854],[-104.444,29.5892],[-104.4486,29.5977],[-104.4521,29.6071],[-104.4552,29.6134],[-104.4694,29.6254],[-104.5166,29.6543],[-104.5308,29.6679],[-104.535,29.6778],[-104.5352,29.6879],[-104.5371,29.7021],[-104.5437,29.7164],[-104.5614,29.7454],[-104.5703,29.7875],[-104.5836,29.8026],[-104.6012,29.8148],[-104.6197,29.8331],[-104.6238,29.8415],[-104.6376,29.888],[-104.6563,29.9082],[-104.6606,29.9184],[-104.6635,29.9231],[-104.6765,29.9368],[-104.6805,29.9423],[-104.6825,29.9521],[-104.6801,29.9678],[-104.6805,29.9765],[-104.6991,30.0315],[-104.7016,30.0553],[-104.6986,30.0753],[-104.6846,30.1111],[-104.6805,30.1341],[-104.6787,30.1704],[-104.6816,30.1929],[-104.6959,30.2084],[-104.7152,30.244],[-104.7246,30.2522],[-104.7422,30.2599],[-104.7494,30.2645],[-104.7617,30.2842],[-104.7741,30.3116],[-104.7888,30.3359],[-104.8077,30.3464],[-104.8129,30.3507],[-104.815,30.3606],[-104.816,30.372],[-104.8183,30.3805],[-104.8243,30.3872],[-104.8375,30.3941],[-104.8449,30.401],[-104.8533,30.4122],[-104.855,30.4175],[-104.8536,30.424],[-104.8524,30.4389],[-104.8547,30.4487],[-104.8645,30.462],[-104.8667,30.473],[-104.8652,30.4799],[-104.8596,30.4911],[-104.8593,30.4973],[-104.863,30.5024],[-104.8797,30.5109],[-104.8821,30.5209],[-104.884,30.5419],[-104.8866,30.5519],[-104.8982,30.5694],[-104.9282,30.5995],[-104.9343,30.6105],[-104.9411,30.6141],[-104.9727,30.618],[-104.9828,30.6207],[-104.9891,30.6296],[-104.9916,30.6403],[-104.9929,30.6515],[-104.9958,30.6617],[-105.0085,30.677],[-105.028,30.6901],[-105.0495,30.6993],[-105.0681,30.7027],[-105.087,30.7098],[-105.1336,30.7579]],[[-105.1336,30.7579],[-105.1404,30.7505]],[[-102.2762,29.8695],[-102.289,29.8781],[-102.3022,29.8894],[-102.321,29.8939]],[[-102.321,29.8939],[-102.3302,29.8889],[-102.3398,29.8706],[-102.3511,29.8666],[-102.3632,29.8643],[-102.3707,29.8578],[-102.3745,29.8481],[-102.3766,29.8215],[-102.3801,29.8114],[-102.4041,29.7808],[-102.4061,29.7773]],[[-102.1093,29.8021],[-102.1456,29.8157],[-102.1572,29.8245],[-102.2037,29.8461],[-102.2398,29.8491],[-102.2534,29.8553],[-102.2583,29.8735]],[[-102.2583,29.8735],[-102.2762,29.8695]],[[-101.5218,29.7659],[-101.5429,29.7711],[-101.5397,29.7792],[-101.5305,29.7965],[-101.5286,29.8014],[-101.5319,29.8111],[-101.5392,29.818],[-101.5465,29.8201]],[[-101.5465,29.8201],[-101.5498,29.8157],[-101.554,29.7967],[-101.5649,29.7865],[-101.5803,29.7816],[-101.6322,29.7757]],[[-101.9296,29.7977],[-101.9427,29.8036],[-101.9571,29.814],[-101.9722,29.8182]],[[-101.9722,29.8182],[-101.9879,29.8052]],[[-101.8576,29.8052],[-101.8775,29.8108],[-101.8874,29.8123]],[[-101.8874,29.8123],[-101.8955,29.8086],[-101.9024,29.8032],[-101.9109,29.7999],[-101.9202,29.7982],[-101.9296,29.7977]],[[-101.6322,29.7757],[-101.7945,29.7959],[-101.803,29.8014],[-101.806,29.8119],[-101.8127,29.812]],[[-101.8127,29.812],[-101.8241,29.8052],[-101.8576,29.8052]],[[-101.9879,29.8052],[-102.0146,29.811]],[[-102.0146,29.811],[-102.1093,29.8021]],[[-101.4351,29.7701],[-101.4461,29.7711],[-101.4557,29.7759],[-101.4624,29.7889],[-101.4709,29.7915]],[[-101.4709,29.7915],[-101.4903,29.7855],[-101.5058,29.7739],[-101.5218,29.7659]],[[-102.4061,29.7773],[-102.5153,29.7847]],[[-102.5153,29.7847],[-102.5231,29.7823],[-102.5311,29.7699],[-102.5415,29.7625],[-102.5433,29.7601],[-102.5466,29.7579],[-102.5531,29.7567]],[[-101.3362,29.6543],[-101.349,29.6601],[-101.3577,29.6674],[-101.3644,29.6767],[-101.3766,29.7006],[-101.3834,29.7185],[-101.3996,29.7407],[-101.4065,29.7529],[-101.4093,29.7658],[-101.4051,29.7784]],[[-101.4051,29.7784],[-101.414,29.7744],[-101.4242,29.7714],[-101.4351,29.7701]],[[-102.5531,29.7567],[-102.5583,29.7591],[-102.5629,29.7693],[-102.5668,29.7711]],[[-102.5668,29.7711],[-102.5853,29.7647],[-102.6212,29.7473],[-102.6387,29.7437]],[[-102.6387,29.7437],[-102.6761,29.7445]],[[-102.6761,29.7445],[-102.6835,29.7437],[-102.691,29.7368],[-102.6936,29.7294],[-102.6947,29.7206],[-102.6978,29.7096],[-102.7267,29.6645],[-102.7313,29.6506],[-102.7355,29.6495],[-102.7517,29.6225],[-102.7518,29.6202],[-102.7613,29.6034],[-102.7676,29.5973],[-102.7797,29.5923],[-102.7741,29.5796],[-102.7765,29.5759],[-102.7859,29.5718],[-102.7807,29.5582],[-102.7865,29.5505],[-102.7955,29.5443],[-102.8273,29.4705],[-102.834,29.4614],[-102.8391,29.452],[-102.8411,29.4383],[-102.8387,29.4269],[-102.835,29.4157],[-102.8352,29.4038],[-102.8445,29.3905],[-102.8456,29.3847],[-102.838,29.3705],[-102.8377,29.3663],[-102.8466,29.3617],[-102.8539,29.361]],[[-101.301,29.5941],[-101.3122,29.5979],[-101.3109,29.6128],[-101.3027,29.6339],[-101.3011,29.6495],[-101.3098,29.6545]],[[-101.3098,29.6545],[-101.3362,29.6543]],[[-99.7004,27.6592],[-99.7057,27.6632],[-99.7107,27.6701],[-99.7231,27.6874],[-99.7307,27.6918],[-99.734,27.702],[-99.7363,27.7136],[-99.7404,27.7222],[-99.7473,27.726],[-99.7652,27.7312],[-99.7746,27.7358],[-99.7868,27.7485],[-99.7954,27.7619],[-99.807,27.7714],[-99.8082,27.7724],[-99.8329,27.7768],[-99.833,27.7822],[-99.8448,27.7936],[-99.8582,27.8035],[-99.8634,27.8047],[-99.8647,27.8143],[-99.8619,27.8361],[-99.8634,27.8457],[-99.8709,27.8545],[-99.8802,27.8592],[-99.888,27.8648],[-99.8913,27.876],[-99.8827,27.8916],[-99.8788,27.9018],[-99.8813,27.9065],[-99.8968,27.9129],[-99.9143,27.9282],[-99.9299,27.9463],[-99.9397,27.9611],[-99.9283,27.9758],[-99.9407,27.9833],[-99.9619,27.9875],[-99.9766,27.9925],[-99.9911,28.0078],[-100.0006,28.0204],[-100.0075,28.0336],[-100.0141,28.0505],[-100.0135,28.057],[-100.0105,28.0636],[-100.0102,28.0689],[-100.0176,28.0709],[-100.0315,28.0818],[-100.0451,28.0953],[-100.048,28.1025],[-100.0489,28.116],[-100.0565,28.1379],[-100.0749,28.1544],[-100.1729,28.1985],[-100.1892,28.2013],[-100.1976,28.2072],[-100.2012,28.2203],[-100.2029,28.2344],[-100.2059,28.2429],[-100.2128,28.2451],[-100.2407,28.2497],[-100.2579,28.2605],[-100.2751,28.2772],[-100.2843,28.2965],[-100.2779,28.3149],[-100.2786,28.3311],[-100.2939,28.3534],[-100.3226,28.3869],[-100.3317,28.422],[-100.3363,28.4586],[-100.3402,28.4643],[-100.3483,28.4703],[-100.3555,28.4782],[-100.3568,28.4893],[-100.3516,28.4967],[-100.3226,28.5104],[-100.364,28.5248],[-100.3842,28.5372],[-100.3978,28.5576],[-100.3988,28.5686],[-100.3971,28.5927],[-100.4014,28.6023],[-100.4115,28.6093],[-100.4348,28.6191],[-100.4462,28.6265],[-100.4449,28.6438],[-100.4814,28.6861],[-100.4939,28.7084],[-100.5191,28.805],[-100.525,28.8148],[-100.5293,28.8199],[-100.5345,28.8302],[-100.5386,28.8356],[-100.5452,28.839],[-100.5597,28.8394],[-100.5662,28.8425],[-100.5697,28.8496],[-100.5633,28.8621],[-100.5662,28.8698],[-100.5718,28.8732],[-100.5865,28.8798],[-100.5895,28.8835],[-100.595,28.8993],[-100.607,28.9101],[-100.6188,28.9179],[-100.6243,28.9247],[-100.6248,28.9378],[-100.6267,28.9483],[-100.6308,28.9567],[-100.6379,28.9629],[-100.6289,28.9843],[-100.6328,29.0052],[-100.6522,29.0448],[-100.6609,29.1027],[-100.669,29.1162],[-100.6782,29.1194],[-100.6908,29.121],[-100.702,29.1237],[-100.7068,29.1302],[-100.7097,29.1356],[-100.7625,29.1738],[-100.7701,29.1873],[-100.7621,29.2087],[-100.7832,29.2431],[-100.7961,29.2577],[-100.8161,29.2708],[-100.8639,29.2906],[-100.8718,29.2965],[-100.8912,29.3185],[-100.9147,29.337],[-100.9874,29.3663],[-100.9983,29.3725],[-101.0081,29.3806],[-101.0162,29.3901],[-101.0222,29.4005],[-101.0259,29.4144],[-101.0296,29.443],[-101.0378,29.4601],[-101.068,29.4695],[-101.1348,29.4877],[-101.1636,29.5013],[-101.1827,29.5224],[-101.1914,29.5281],[-101.2018,29.5307],[-101.2129,29.5316],[-101.2228,29.5408],[-101.2265,29.5545],[-101.2178,29.5842],[-101.219,29.6103],[-101.2339,29.6227]],[[-101.2339,29.6227],[-101.2588,29.6202],[-101.2836,29.6078],[-101.301,29.5941]],[[-103.585,29.1547],[-103.6731,29.1736],[-103.7025,29.1879],[-103.7495,29.223],[-103.7591,29.2268],[-103.7708,29.2298],[-103.7777,29.2353],[-103.7694,29.2575],[-103.7742,29.2675],[-103.7837,29.2748],[-103.7942,29.2776],[-103.8641,29.2814],[-103.9281,29.293],[-104.0191,29.3203],[-104.0573,29.339],[-104.1054,29.3857],[-104.1398,29.4006],[-104.1616,29.4168],[-104.1945,29.4489],[-104.2123,29.4847],[-104.2187,29.4898],[-104.2271,29.493],[-104.251,29.5086],[-104.2672,29.5266],[-104.2928,29.5328]],[[-104.2928,29.5328],[-104.3206,29.5323],[-104.3385,29.524]],[[-102.8539,29.361],[-102.8599,29.3612]],[[-102.8599,29.3612],[-102.865,29.3595],[-102.877,29.3509],[-102.8831,29.3438],[-102.8852,29.3334],[-102.8855,29.3148],[-102.8994,29.2761],[-102.8997,29.2639],[-102.8921,29.2544],[-102.868,29.2404],[-102.8588,29.2291],[-102.8699,29.2248],[-102.8969,29.2203],[-102.9423,29.1902],[-102.9475,29.182]],[[-102.9475,29.182],[-102.9698,29.1928]],[[-102.9698,29.1928],[-102.9884,29.1771],[-103.0158,29.1268],[-103.0243,29.1162],[-103.0326,29.1102],[-103.0725,29.0914],[-103.0808,29.0852],[-103.0856,29.0757],[-103.0915,29.0579]],[[-103.3721,29.0237],[-103.3866,29.0288],[-103.4146,29.0524],[-103.4236,29.0579],[-103.4357,29.0611],[-103.4785,29.0821],[-103.5297,29.1268],[-103.5356,29.1351],[-103.5382,29.1424],[-103.5417,29.1488],[-103.5502,29.1547],[-103.558,29.1562]],[[-103.558,29.1562],[-103.585,29.1547]],[[-103.0915,29.0579],[-103.0954,29.0603]],[[-103.0954,29.0603],[-103.1047,29.0579],[-103.1092,29.0234],[-103.1228,28.9965],[-103.148,28.9851]],[[-103.3305,29.0237],[-103.3426,29.0412]],[[-103.3426,29.0412],[-103.3517,29.0394],[-103.3605,29.0298],[-103.3721,29.0237]],[[-103.3015,29.0024],[-103.3162,29.0101],[-103.3115,29.026],[-103.31,29.0312]],[[-103.31,29.0312],[-103.3248,29.0268],[-103.3305,29.0237]],[[-103.148,28.9851],[-103.1871,28.9902],[-103.2418,29.0035]],[[-103.2418,29.0035],[-103.3015,29.0024]],[[-99.6449,27.6327],[-99.6486,27.6369],[-99.6587,27.654],[-99.6647,27.6594]],[[-99.6647,27.6594],[-99.7004,27.6592]],[[-99.0664,26.4047],[-99.0855,26.4076],[-99.1064,26.423],[-99.1089,26.4343],[-99.1025,26.447],[-99.0937,26.4598],[-99.0894,26.4712],[-99.0915,26.484],[-99.103,26.5121],[-99.1151,26.5256],[-99.1409,26.5314],[-99.1649,26.5404],[-99.1713,26.564],[-99.1784,26.6137],[-99.1811,26.6299],[-99.2214,26.7357],[-99.2341,26.7836],[-99.2483,26.8271],[-99.2628,26.844],[-99.2797,26.8597],[-99.294,26.8763],[-99.326,26.9115],[-99.337,26.9248],[-99.3768,26.9538],[-99.3862,26.9622],[-99.3904,26.9731],[-99.3902,26.9936],[-99.3928,27.0048],[-99.3993,27.0127],[-99.4073,27.0145],[-99.416,27.0149],[-99.4246,27.0179],[-99.4399,27.0289],[-99.4437,27.0346],[-99.4617,27.057],[-99.442,27.0896],[-99.4394,27.0983],[-99.4414,27.1075],[-99.4457,27.1147],[-99.4502,27.1205],[-99.4525,27.125],[-99.4503,27.1452],[-99.4358,27.1884],[-99.432,27.2076],[-99.434,27.227],[-99.4409,27.2448],[-99.4518,27.2612],[-99.4661,27.2765],[-99.469,27.2782],[-99.4804,27.2833],[-99.4829,27.2867],[-99.4849,27.2948],[-99.4866,27.2976],[-99.4932,27.3013],[-99.5214,27.3113],[-99.5148,27.3218],[-99.4976,27.3388],[-99.494,27.3482],[-99.4929,27.3588],[-99.4877,27.3719],[-99.4846,27.3918],[-99.4757,27.4148],[-99.4729,27.4266],[-99.4736,27.4638],[-99.4729,27.4683],[-99.4764,27.4825],[-99.4804,27.4908],[-99.4883,27.4947],[-99.5037,27.4956],[-99.5095,27.5],[-99.5101,27.5105],[-99.5071,27.5334],[-99.5072,27.5738],[-99.515,27.5886],[-99.535,27.6048],[-99.555,27.6135],[-99.5723,27.6185],[-99.5782,27.6228],[-99.5902,27.6421],[-99.6002,27.6464]],[[-99.6002,27.6464],[-99.6124,27.6436],[-99.6335,27.6331],[-99.6449,27.6327]],[[-99.0105,26.3926],[-99.0164,26.3945],[-99.023,26.4034],[-99.0279,26.4062],[-99.0476,26.407]],[[-99.0476,26.407],[-99.0664,26.4047]],[[-98.9454,26.3783],[-98.9541,26.3939],[-98.9628,26.3995],[-98.987,26.4001]],[[-98.987,26.4001],[-99.0041,26.3938],[-99.0105,26.3926]],[[-98.893,26.3678],[-98.9299,26.3922]],[[-98.9299,26.3922],[-98.9454,26.3783]],[[-98.7399,26.3033],[-98.7359,26.32],[-98.7464,26.3321],[-98.7808,26.3517],[-98.7959,26.3683],[-98.8013,26.3721],[-98.8103,26.3724]],[[-98.8103,26.3724],[-98.8173,26.3685],[-98.825,26.3665]],[[-98.825,26.3665],[-98.8361,26.3721]],[[-98.8361,26.3721],[-98.8423,26.3658],[-98.8508,26.3641]],[[-98.8508,26.3641],[-98.8605,26.3663],[-98.8702,26.3721]],[[-98.8702,26.3721],[-98.893,26.3678]],[[-98.6406,26.2418],[-98.6537,26.2443],[-98.6647,26.2506],[-98.6853,26.2685],[-98.6933,26.2705],[-98.7022,26.2716],[-98.7043,26.2766],[-98.6915,26.2902],[-98.7014,26.2991],[-98.7132,26.3034],[-98.7262,26.3044]],[[-98.7262,26.3044],[-98.7399,26.3033]],[[-98.4724,26.2077],[-98.4929,26.2306],[-98.5215,26.2409],[-98.5528,26.2483],[-98.5816,26.2623]],[[-98.5816,26.2623],[-98.6406,26.2418]],[[-98.1502,26.0637],[-98.1851,26.0652],[-98.2227,26.0754],[-98.3004,26.1114],[-98.3098,26.1211],[-98.333,26.153],[-98.3393,26.1599],[-98.3658,26.1602],[-98.3773,26.1636],[-98.3773,26.1736],[-98.3693,26.194],[-98.3972,26.2011],[-98.4288,26.2177],[-98.4565,26.2259]],[[-98.4565,26.2259],[-98.4724,26.2077]],[[-98.0655,26.0422],[-98.0751,26.0466],[-98.0833,26.0709],[-98.1031,26.0749]],[[-98.1031,26.0749],[-98.1502,26.0637]],[[-97.9417,26.0568],[-97.9992,26.0643]],[[-97.9992,26.0643],[-98.0131,26.0637],[-98.0442,26.0488],[-98.0655,26.0422]],[[-97.4042,25.8514],[-97.4254,25.8549],[-97.4357,25.8693],[-97.4413,25.8849],[-97.4483,25.8923],[-97.4694,25.8929],[-97.4863,25.8957],[-97.5022,25.9019],[-97.5203,25.9128],[-97.5652,25.9547],[-97.5943,25.9664],[-97.6048,25.98],[-97.6131,25.996],[-97.6226,26.0091],[-97.6415,26.0225],[-97.6599,26.0307],[-97.6796,26.0346],[-97.7669,26.0397],[-97.7803,26.0432],[-97.7823,26.0586],[-97.802,26.0637]],[[-97.802,26.0637],[-97.8782,26.0637],[-97.9417,26.0568]],[[-97.1393,25.9658],[-97.2049,25.9606]],[[-97.2049,25.9606],[-97.2531,25.9635]],[[-97.2531,25.9635],[-97.2664,25.9606],[-97.2692,25.9444],[-97.2876,25.9287],[-97.311,25.9221]],[[-97.311,25.9221],[-97.3284,25.9333]],[[-97.3284,25.9333],[-97.3511,25.9184],[-97.3551,25.9128],[-97.3523,25.8945],[-97.3452,25.8717],[-97.3457,25.8522],[-97.366,25.8439]],[[-97.366,25.8439],[-97.376,25.8467],[-97.3801,25.8532],[-97.3831,25.8605],[-97.3899,25.8657],[-97.3978,25.8658]],[[-97.3978,25.8658],[-97.3995,25.8612],[-97.3999,25.8551],[-97.4042,25.8514]]]}},{"type":"Feature","properties":{"FEATURECLA":"Indefinite (please verify)"},"geometry":{"type":"LineString","coordinates":[[-89.1931,16.3926],[-89.1844,16.4959],[-89.1661,16.777],[-89.1492,17.0363],[-89.1507,17.321],[-89.1562,17.5982],[-89.1605,17.8143]]}},{"type":"Feature","properties":{"FEATURECLA":"International boundary (verify)"},"geometry":{"type":"MultiLineString","coordinates":[[[-88.4132,18.4908],[-88.408,18.489],[-88.3984,18.4801],[-88.3908,18.4757]],[[-88.4596,18.4757],[-88.4508,18.4769],[-88.4309,18.4838],[-88.42,18.489],[-88.4132,18.4908]],[[-88.4892,18.4845],[-88.4792,18.4834],[-88.4699,18.4785],[-88.4596,18.4757]],[[-88.8803,17.8885],[-88.8714,17.891],[-88.8654,17.899],[-88.8608,17.9211],[-88.8564,17.9283],[-88.8053,17.965],[-88.7959,17.9756],[-88.7816,18.0147],[-88.7769,18.0238],[-88.762,18.0356],[-88.7484,18.0433],[-88.7364,18.0519],[-88.7266,18.0667],[-88.7235,18.0775],[-88.7204,18.1001],[-88.7177,18.11],[-88.6929,18.15],[-88.6895,18.1612],[-88.693,18.1752],[-88.6966,18.1781],[-88.6681,18.1982],[-88.639,18.2116],[-88.627,18.2203],[-88.617,18.2354],[-88.6141,18.247],[-88.6132,18.2506],[-88.6115,18.2664],[-88.6077,18.2834],[-88.5981,18.2995],[-88.5672,18.3335],[-88.5548,18.3522],[-88.5513,18.3637],[-88.5474,18.3891],[-88.5384,18.4131],[-88.533,18.4433],[-88.5278,18.4541],[-88.5202,18.4616],[-88.4892,18.4845]],[[-88.3095,18.4823],[-88.3038,18.4814]],[[-88.3908,18.4757],[-88.3849,18.4766],[-88.3791,18.4797],[-88.3714,18.4818],[-88.3095,18.4823]],[[-89.0494,17.9992],[-89.028,17.9921],[-89.0115,17.9778],[-88.9966,17.9618],[-88.9798,17.9494],[-88.9678,17.9483]],[[-89.1605,17.8143],[-89.1614,17.9014],[-89.1539,17.9411],[-89.1326,17.9703],[-89.0494,17.9992]],[[-88.9565,17.9505],[-88.947,17.9485],[-88.9333,17.9204],[-88.9205,17.9109],[-88.8803,17.8885]],[[-88.9678,17.9483],[-88.9565,17.9505]]]}},{"type":"Feature","properties":{"FEATURECLA":"International boundary (verify)"},"geometry":{"type":"MultiLineString","coordinates":[[[-90.9191,17.816],[-90.6992,17.8158],[-90.4795,17.8156],[-90.2597,17.8153],[-90.0398,17.8151],[-89.82,17.815],[-89.6002,17.8147],[-89.3803,17.8145],[-89.1605,17.8143]],[[-90.992,17.2519],[-90.9914,17.5269],[-90.9909,17.802],[-90.9828,17.8105],[-90.9622,17.816],[-90.9191,17.816]],[[-91.4308,17.255],[-90.992,17.2519]],[[-91.3445,17.1863],[-91.3649,17.1898],[-91.3729,17.2136],[-91.3883,17.2216],[-91.4192,17.2277],[-91.4425,17.238],[-91.4383,17.2537],[-91.4308,17.255]],[[-91.1612,17.024],[-91.1712,17.028],[-91.2068,17.0654],[-91.216,17.0792],[-91.2202,17.0893],[-91.2254,17.107],[-91.2296,17.114],[-91.2388,17.1192],[-91.2592,17.1243],[-91.2631,17.1307],[-91.2651,17.1462],[-91.2708,17.1643],[-91.2795,17.1801],[-91.2904,17.1891],[-91.3178,17.1905]],[[-91.3178,17.1905],[-91.3445,17.1863]],[[-90.9931,16.8744],[-90.9983,16.8772],[-91.0109,16.8903],[-91.0167,16.8948],[-91.0549,16.908],[-91.0669,16.9182],[-91.0713,16.9389],[-91.0769,16.9495],[-91.1122,16.9905],[-91.1161,16.9993],[-91.1212,17.0184],[-91.1266,17.0246],[-91.1371,17.0265]],[[-91.1371,17.0265],[-91.1612,17.024]],[[-90.82,16.8053],[-90.8317,16.8054],[-90.9006,16.826],[-90.9191,16.8363],[-90.9482,16.8647],[-90.9689,16.8744],[-90.9528,16.8909],[-90.9552,16.8988],[-90.9688,16.901],[-90.9862,16.9011]],[[-90.9862,16.9011],[-90.988,16.8969],[-90.9843,16.8878],[-90.9833,16.8786],[-90.9931,16.8744]],[[-90.6672,16.587],[-90.6672,16.5932],[-90.654,16.6166],[-90.6677,16.6526],[-90.7353,16.7466],[-90.7498,16.7577],[-90.7856,16.775],[-90.8004,16.7868],[-90.797,16.7987],[-90.797,16.8054],[-90.8106,16.8129]],[[-90.8106,16.8129],[-90.82,16.8053]],[[-90.6331,16.4833],[-90.6279,16.4929],[-90.619,16.5001],[-90.6121,16.5076],[-90.6126,16.5181],[-90.6242,16.5249],[-90.6395,16.5259],[-90.6482,16.5296],[-90.64,16.5448],[-90.6435,16.561],[-90.637,16.5779],[-90.6338,16.5922],[-90.6474,16.6001]],[[-90.6474,16.6001],[-90.6502,16.5934],[-90.6536,16.5901],[-90.6588,16.5884],[-90.6672,16.587]],[[-90.5329,16.4599],[-90.5391,16.4689],[-90.5437,16.4902],[-90.5534,16.4903]],[[-90.5534,16.4903],[-90.5793,16.4828],[-90.5847,16.4802]],[[-90.5847,16.4802],[-90.5906,16.4834],[-90.6047,16.4862],[-90.6207,16.4867]],[[-90.6207,16.4867],[-90.6331,16.4833]],[[-90.4208,16.4151],[-90.4267,16.4177],[-90.4341,16.4224],[-90.4444,16.4268],[-90.4758,16.4307],[-90.4784,16.4364],[-90.4771,16.445],[-90.4823,16.4561],[-90.4882,16.4616],[-90.4978,16.468],[-90.5089,16.4711]],[[-90.5089,16.4711],[-90.5329,16.4599]],[[-90.3799,16.3673],[-90.3914,16.386],[-90.3927,16.3917],[-90.3929,16.4048],[-90.3949,16.4192],[-90.4006,16.4205]],[[-90.4006,16.4205],[-90.4095,16.4167],[-90.4208,16.4151]],[[-90.4087,16.3723],[-90.3951,16.3714],[-90.3799,16.3673]],[[-90.4208,16.353],[-90.4182,16.3672],[-90.4087,16.3723]],[[-90.4202,16.296],[-90.4347,16.3012],[-90.4449,16.3084],[-90.4379,16.3121],[-90.4195,16.3178],[-90.4047,16.3315],[-90.3988,16.3476],[-90.4072,16.3605]],[[-90.4072,16.3605],[-90.414,16.3605],[-90.414,16.353],[-90.4208,16.353]],[[-90.4202,16.2854],[-90.4141,16.2878],[-90.414,16.2984]],[[-90.414,16.2984],[-90.4202,16.296]],[[-90.4345,16.2916],[-90.4286,16.2876],[-90.4202,16.2854]],[[-90.4367,16.2848],[-90.4355,16.2862],[-90.4355,16.2888],[-90.4345,16.2916]],[[-90.4413,16.2854],[-90.4367,16.2848]],[[-90.4277,16.2636],[-90.4314,16.2689],[-90.4375,16.28],[-90.4413,16.2854]],[[-90.4481,16.2711],[-90.4437,16.2669],[-90.4406,16.2653],[-90.4277,16.2636]],[[-90.4556,16.0997],[-90.4595,16.1168],[-90.4353,16.1363],[-90.4481,16.1482],[-90.4481,16.1544],[-90.4261,16.1631],[-90.4327,16.1732],[-90.4618,16.1891],[-90.4656,16.2081],[-90.4585,16.2218],[-90.4462,16.2308],[-90.4345,16.2363],[-90.448,16.2415],[-90.4578,16.2491],[-90.4594,16.2591],[-90.4481,16.2711]],[[-92.2462,14.5463],[-92.2261,14.5493],[-92.2081,14.5705],[-92.1861,14.6296],[-92.1647,14.6682],[-92.1608,14.6835],[-92.1617,14.7023],[-92.1794,14.7516],[-92.1801,14.7588],[-92.1788,14.7734],[-92.1794,14.7812],[-92.1887,14.8059],[-92.1908,14.8142],[-92.1917,14.8353],[-92.1868,14.8473],[-92.166,14.8708],[-92.1547,14.9008],[-92.1576,14.963],[-92.1542,14.9959],[-92.1424,15.0075],[-92.1299,15.0109],[-92.117,15.0124],[-92.1038,15.0179],[-92.0936,15.0294],[-92.0738,15.0737],[-92.2034,15.2372],[-92.2109,15.2534],[-92.2113,15.2721],[-92.2047,15.2895],[-92.1862,15.3204],[-92.1374,15.4018],[-92.1059,15.4545],[-92.0685,15.5169],[-91.9896,15.649],[-91.9106,15.781],[-91.8417,15.8961],[-91.793,15.9776],[-91.7745,16.0084],[-91.7519,16.0463],[-91.7398,16.061],[-91.7238,16.0688],[-91.6784,16.0689],[-91.5405,16.0691],[-91.4026,16.0693],[-91.2648,16.0695],[-91.1269,16.0698],[-90.9948,16.0699],[-90.989,16.0699],[-90.8511,16.0701],[-90.7133,16.0703],[-90.5755,16.0706],[-90.4857,16.0707],[-90.4662,16.0729],[-90.4482,16.0793],[-90.4481,16.0793],[-90.4478,16.0797],[-90.4442,16.0847],[-90.4374,16.0989],[-90.4345,16.1072]],[[-90.4345,16.1072],[-90.4402,16.1049],[-90.4427,16.1042],[-90.4445,16.1033],[-90.4481,16.0997],[-90.4556,16.0997]]]}},{"type":"Feature","properties":{"FEATURECLA":"International boundary (verify)"},"geometry":{"type":"MultiLineString","coordinates":[[[-85.5978,11.2099],[-85.5692,11.1954],[-85.5409,11.1703],[-85.5086,11.1524],[-85.4074,11.1154],[-85.2724,11.0662],[-85.2365,11.0531],[-85.0928,11.0006],[-84.9314,10.9419],[-84.9084,10.9394]],[[-85.7017,11.0809],[-85.6776,11.1196],[-85.6593,11.1588],[-85.6312,11.1962],[-85.5978,11.2099]],[[-84.6765,11.0704],[-84.6587,11.0627],[-84.6207,11.0358],[-84.6032,11.0333]],[[-84.9084,10.9394],[-84.885,10.9477],[-84.7818,11.0149],[-84.7078,11.063],[-84.6765,11.0704]],[[-84.5817,11.0345],[-84.5586,11.0272],[-84.5087,11.0055],[-84.5033,11.004],[-84.4982,11.002],[-84.4933,10.9994],[-84.4891,10.9964],[-84.4664,10.9685],[-84.4578,10.9613],[-84.4489,10.9563],[-84.4382,10.9522],[-84.4272,10.9511]],[[-84.6032,11.0333],[-84.5817,11.0345]],[[-84.4272,10.9511],[-84.4178,10.955],[-84.364,10.9896],[-84.3555,10.9946]]]}},{"type":"Feature","properties":{"FEATURECLA":"International boundary (verify)"},"geometry":{"type":"MultiLineString","coordinates":[[[-88.2209,15.7256],[-88.2326,15.7214],[-88.2357,15.7124],[-88.2349,15.7016],[-88.2416,15.6882]],[[-88.2416,15.6882],[-88.2478,15.6957]],[[-88.2478,15.6957],[-88.265,15.6886],[-88.2797,15.6807],[-88.2956,15.675],[-88.3167,15.6746],[-88.3223,15.6673],[-88.3526,15.6169],[-88.399,15.5728],[-88.4674,15.5207],[-88.5,15.496],[-88.5,15.4959],[-88.5874,15.4303],[-88.6742,15.3651],[-88.7609,15.3],[-88.847,15.2353],[-88.9734,15.1404],[-89.0083,15.1244],[-89.1098,15.0915],[-89.1405,15.0764],[-89.1469,15.0713],[-89.1608,15.0602],[-89.1728,15.0422],[-89.1886,14.9961],[-89.1691,14.9784],[-89.1692,14.9521],[-89.1815,14.9237],[-89.1892,14.9131],[-89.1988,14.8998],[-89.2236,14.879],[-89.2314,14.8673],[-89.2324,14.8485],[-89.2277,14.8346],[-89.219,14.8217],[-89.1988,14.7981],[-89.1894,14.783],[-89.1705,14.7388],[-89.1597,14.7251],[-89.1505,14.7173],[-89.1462,14.7109],[-89.1445,14.7083],[-89.1427,14.6913],[-89.1452,14.6834],[-89.1558,14.6723],[-89.1594,14.666],[-89.1552,14.6156],[-89.1557,14.5978],[-89.1604,14.5813],[-89.1721,14.5704],[-89.1837,14.5695]],[[-89.1837,14.5695],[-89.2088,14.5779],[-89.2211,14.5801]],[[-89.2211,14.5801],[-89.2381,14.5779],[-89.2457,14.573],[-89.2505,14.5652],[-89.2596,14.5543],[-89.2909,14.528],[-89.3049,14.5134],[-89.3148,14.496],[-89.323,14.4875],[-89.3453,14.482],[-89.3555,14.4754],[-89.362,14.4624],[-89.3638,14.4466],[-89.3616,14.4155]]]}},{"type":"Feature","properties":{"FEATURECLA":"International boundary (verify)"},"geometry":{"type":"MultiLineString","coordinates":[[[-82.829,9.6027],[-82.7711,9.5799],[-82.7294,9.5449],[-82.7197,9.5413]],[[-82.9394,9.0596],[-82.9395,9.0706],[-82.9417,9.2344],[-82.9432,9.3543],[-82.9443,9.4372],[-82.9417,9.4563],[-82.9333,9.4703],[-82.9146,9.4769],[-82.8613,9.4841],[-82.8464,9.4925],[-82.8448,9.5007],[-82.8494,9.5035],[-82.8559,9.5054],[-82.8602,9.5112],[-82.8671,9.5386],[-82.8793,9.5599],[-82.8774,9.5692],[-82.866,9.5851],[-82.8475,9.6007],[-82.829,9.6027]],[[-82.5706,9.5382],[-82.5628,9.5387],[-82.5736,9.5762]],[[-82.6011,9.5487],[-82.5859,9.5462],[-82.5706,9.5382]],[[-82.6321,9.4847],[-82.6189,9.4867],[-82.6124,9.4995],[-82.6082,9.5379],[-82.6011,9.5487]],[[-82.7117,9.545],[-82.7015,9.5336],[-82.6887,9.5094],[-82.678,9.4978],[-82.6682,9.4932],[-82.6507,9.4878],[-82.6321,9.4847]],[[-82.7197,9.5413],[-82.7117,9.545]],[[-82.9892,8.2645],[-82.9955,8.2648],[-83.0011,8.2692],[-83.0108,8.2834],[-83.0161,8.289],[-83.0441,8.3054],[-83.0532,8.3151],[-83.0521,8.3276],[-83.0433,8.3347],[-82.9978,8.3602],[-82.9535,8.4021],[-82.9248,8.4167],[-82.8965,8.4254],[-82.8704,8.4381],[-82.8483,8.4652],[-82.8389,8.4946],[-82.836,8.5298],[-82.8419,8.5995],[-82.8498,8.6299],[-82.8622,8.6557],[-82.8789,8.6791],[-82.9103,8.7139],[-82.9192,8.7271],[-82.9242,8.7412],[-82.923,8.7562],[-82.9149,8.7648],[-82.8851,8.7832],[-82.8758,8.7939],[-82.8756,8.8075],[-82.8836,8.8124],[-82.8883,8.8169],[-82.8786,8.8298],[-82.8669,8.8381],[-82.7638,8.8799],[-82.7339,8.898],[-82.7202,8.9202],[-82.7194,8.9215],[-82.7233,8.9309],[-82.7491,8.9741],[-82.7627,8.983],[-82.8082,8.9984],[-82.8541,9.032],[-82.8766,9.0419],[-82.8824,9.0453],[-82.8869,9.0515],[-82.8897,9.0594],[-82.8933,9.0669],[-82.9002,9.0721]],[[-82.9002,9.0721],[-82.9095,9.072],[-82.9394,9.0596]],[[-82.8976,8.0347],[-82.8914,8.0575],[-82.8864,8.1022],[-82.9391,8.2168],[-82.9437,8.2486],[-82.9505,8.2588],[-82.968,8.268],[-82.9771,8.2692]],[[-82.9771,8.2692],[-82.9892,8.2645]]]}},{"type":"Feature","properties":{"FEATURECLA":"International boundary (verify)"},"geometry":{"type":"MultiLineString","coordinates":[[[-77.3735,8.6647],[-77.3749,8.6509],[-77.3854,8.6436],[-77.4015,8.642],[-77.4177,8.6385],[-77.434,8.6283],[-77.435,8.6206],[-77.4302,8.6105],[-77.4291,8.5926],[-77.4411,8.5677],[-77.4694,8.5378],[-77.4804,8.5262],[-77.4887,8.4965],[-77.4887,8.4736],[-77.4797,8.4679]],[[-77.4496,8.4706],[-77.4327,8.4651],[-77.4223,8.4564],[-77.4058,8.4285],[-77.3913,8.3935],[-77.383,8.3249],[-77.3744,8.2893],[-77.3632,8.2721],[-77.3505,8.2674],[-77.3372,8.2666],[-77.3243,8.2612],[-77.3169,8.2508],[-77.2952,8.2055],[-77.2694,8.1677],[-77.2601,8.154],[-77.2311,8.0987],[-77.2096,8.0207],[-77.2078,7.9966],[-77.2012,7.982],[-77.1915,7.9728],[-77.1808,7.9651],[-77.1711,7.9549],[-77.1633,7.9393],[-77.169,7.9351]],[[-77.4797,8.4679],[-77.4496,8.4706]],[[-77.169,7.9351],[-77.2061,7.9355]],[[-77.2061,7.9355],[-77.2361,7.9292],[-77.2697,7.9181],[-77.3004,7.9021],[-77.3216,7.881],[-77.3472,7.8238],[-77.3766,7.7866],[-77.3799,7.7744],[-77.3665,7.7451],[-77.346,7.7257],[-77.3397,7.7072],[-77.3691,7.6808],[-77.5093,7.5941],[-77.5549,7.5485],[-77.58,7.5284],[-77.6027,7.5261]],[[-77.6027,7.5261],[-77.6133,7.5375],[-77.6255,7.5874],[-77.6331,7.6007],[-77.6608,7.638],[-77.6634,7.6399],[-77.6719,7.642],[-77.6748,7.6447],[-77.6748,7.6484],[-77.6706,7.6573],[-77.6702,7.6599],[-77.6799,7.671],[-77.7299,7.7133],[-77.7402,7.7189]],[[-77.7402,7.7189],[-77.7642,7.7057],[-77.7705,7.669],[-77.7658,7.6265],[-77.7568,7.5956],[-77.7342,7.5518],[-77.7312,7.5303],[-77.7402,7.5046],[-77.7551,7.4861],[-77.7742,7.4747],[-77.7963,7.4713]],[[-77.7963,7.4713],[-77.8202,7.4765]],[[-77.8202,7.4765],[-77.855,7.3654],[-77.8958,7.2351]]]}},{"type":"Feature","properties":{"FEATURECLA":"Disputed (please verify)"},"geometry":{"type":"MultiLineString","coordinates":[[[-60.068,8.0318],[-60.0465,8.0329],[-60.0296,8.0428],[-60.0195,8.0603],[-60.011,8.1004],[-59.9993,8.1154],[-59.998,8.1271],[-60.0005,8.1385],[-60.0007,8.1529],[-59.9933,8.1685],[-59.9677,8.1884],[-59.9571,8.2001],[-59.9397,8.2084],[-59.8898,8.2199],[-59.8692,8.2211],[-59.8485,8.2277],[-59.8293,8.2451],[-59.8167,8.2672],[-59.8156,8.2878],[-59.8556,8.3521],[-59.9597,8.4682],[-60.021,8.558],[-60.021,8.558]],[[-60.1079,8.0356],[-60.068,8.0318]],[[-60.4185,7.8194],[-60.3748,7.8236],[-60.3504,7.8418],[-60.3424,7.8648],[-60.3203,7.8847],[-60.2719,7.9178],[-60.268,7.9213],[-60.2533,7.9346],[-60.243,7.9506],[-60.2311,7.9641],[-60.1831,7.9827],[-60.1657,7.997],[-60.1498,8.0135],[-60.1292,8.0288],[-60.1079,8.0356]],[[-60.5033,7.8209],[-60.4185,7.8194]],[[-60.6107,7.6268],[-60.6013,7.6339],[-60.5975,7.6467],[-60.5999,7.6615],[-60.5845,7.6885],[-60.5844,7.6994],[-60.5877,7.7183],[-60.587,7.7271],[-60.5821,7.7363],[-60.5596,7.763],[-60.5398,7.8001],[-60.5258,7.8134],[-60.5033,7.8209]],[[-60.6252,7.6295],[-60.6107,7.6268]],[[-60.548,7.1255],[-60.6176,7.1804],[-60.6284,7.1911],[-60.6431,7.2209],[-60.6436,7.2507],[-60.6311,7.2777],[-60.6068,7.2995],[-60.6022,7.3065],[-60.6,7.3139],[-60.5999,7.3219],[-60.6018,7.3301],[-60.6106,7.3436],[-60.622,7.3715],[-60.629,7.3844],[-60.6361,7.3898],[-60.6452,7.3934],[-60.6532,7.3985],[-60.6573,7.4081],[-60.6569,7.4166],[-60.6558,7.4229],[-60.6563,7.4288],[-60.6606,7.4361],[-60.6742,7.4455],[-60.6881,7.4486],[-60.7007,7.4535],[-60.7238,7.4958],[-60.7297,7.5103],[-60.7306,7.5254],[-60.7165,7.5516],[-60.6711,7.5661],[-60.6556,7.5852],[-60.6415,7.6109],[-60.6317,7.6246],[-60.6252,7.6295]],[[-60.4015,7.1709],[-60.4158,7.1713],[-60.4267,7.1769],[-60.4371,7.1837],[-60.4495,7.1883],[-60.4753,7.1885]],[[-60.4753,7.1885],[-60.4966,7.1806],[-60.5129,7.1652],[-60.5349,7.1258],[-60.548,7.1255]],[[-60.3773,6.9385],[-60.3681,6.9881],[-60.3597,7.0049],[-60.3446,7.0176],[-60.3276,7.0286],[-60.3134,7.0402],[-60.3036,7.0541],[-60.2958,7.0707],[-60.2916,7.0883],[-60.2923,7.1053],[-60.2999,7.121],[-60.3128,7.1326],[-60.3476,7.1519],[-60.3483,7.1527],[-60.3601,7.1658],[-60.372,7.1723],[-60.3852,7.1733]],[[-60.3852,7.1733],[-60.4015,7.1709]],[[-60.3942,6.9485],[-60.3773,6.9385]],[[-60.7215,6.7597],[-60.7003,6.7671],[-60.6841,6.784],[-60.6558,6.8246],[-60.6395,6.8377],[-60.6207,6.8459],[-60.5487,6.8631],[-60.421,6.9422],[-60.3942,6.9485]],[[-60.9076,6.8152],[-60.8946,6.8142],[-60.8724,6.8081],[-60.8657,6.8033],[-60.8585,6.7965],[-60.8496,6.7899],[-60.8376,6.7864]],[[-60.9546,6.7287],[-60.9338,6.7317],[-60.9284,6.7359],[-60.9012,6.7644],[-60.8995,6.7686],[-60.8991,6.7768],[-60.9013,6.786],[-60.9112,6.8],[-60.9134,6.8112],[-60.9076,6.8152]],[[-60.7935,6.7938],[-60.7731,6.7884],[-60.7365,6.7648],[-60.7215,6.7597]],[[-60.8376,6.7864],[-60.8283,6.7871],[-60.8052,6.7925],[-60.7935,6.7938]],[[-61.0003,6.7344],[-60.9546,6.7287]],[[-61.0187,6.7204],[-61.0003,6.7344]],[[-61.0612,6.7301],[-61.0401,6.727],[-61.0187,6.7204]],[[-61.0704,6.7119],[-61.0612,6.7301]],[[-61.111,6.7195],[-61.0891,6.7175],[-61.0704,6.7119]],[[-61.1327,6.1836],[-61.1216,6.1867],[-61.1184,6.2026],[-61.118,6.2162],[-61.1129,6.2541],[-61.1148,6.264],[-61.1179,6.2672],[-61.1214,6.2695],[-61.1241,6.2762],[-61.1291,6.2833],[-61.1467,6.2942],[-61.152,6.3034],[-61.1595,6.3313],[-61.1609,6.3424],[-61.1548,6.3906],[-61.1499,6.4044],[-61.1411,6.4165],[-61.139,6.4248],[-61.1386,6.4331],[-61.1398,6.4413],[-61.1426,6.4494],[-61.1535,6.4644],[-61.163,6.4943],[-61.1709,6.5092],[-61.1861,6.5233],[-61.2001,6.5311],[-61.2097,6.541],[-61.212,6.5614],[-61.2048,6.5958],[-61.1902,6.6329],[-61.1707,6.6685],[-61.1393,6.7045],[-61.1298,6.7158],[-61.111,6.7195]],[[-61.1473,6.1851],[-61.1327,6.1836]],[[-60.7399,5.2021],[-60.8169,5.2851],[-60.8927,5.3686],[-60.9685,5.4521],[-61.0443,5.5356],[-61.12,5.6191],[-61.1958,5.7027],[-61.2716,5.7861],[-61.3474,5.8697],[-61.3796,5.9053],[-61.3967,5.9456],[-61.3863,5.9566],[-61.3528,5.9752],[-61.3381,5.9868],[-61.2912,6.0612],[-61.2786,6.093],[-61.2694,6.1072],[-61.2561,6.1144],[-61.2229,6.1205],[-61.2065,6.1258],[-61.1945,6.1329],[-61.1847,6.146],[-61.174,6.1716],[-61.1611,6.1829],[-61.1473,6.1851]]]}},{"type":"Feature","properties":{"FEATURECLA":"International boundary (verify)"},"geometry":{"type":"MultiLineString","coordinates":[[[-67.4397,2.1396],[-67.4246,2.1381],[-67.3817,2.1227],[-67.3658,2.115],[-67.3406,2.0901],[-67.3204,2.0531],[-67.2886,1.9749],[-67.2648,1.9325],[-67.1557,1.7881],[-67.1172,1.7098],[-67.083,1.6046],[-67.0736,1.5412],[-67.0982,1.2534],[-67.0945,1.2012],[-67.0861,1.176],[-67.0652,1.1727]],[[-67.9649,1.7402],[-67.9288,1.7413],[-67.8932,1.7497],[-67.8605,1.7615],[-67.8208,1.784],[-67.7905,1.8126],[-67.6697,1.9733],[-67.5929,2.0548],[-67.5544,2.0731],[-67.5273,2.0966],[-67.5103,2.1074],[-67.4753,2.1119],[-67.4661,2.1164],[-67.4491,2.1341],[-67.4397,2.1396]],[[-68.1922,2.0149],[-68.1874,2.0083],[-68.1873,1.9882],[-68.1852,1.9808],[-68.1771,1.9732],[-68.1698,1.9697],[-68.1491,1.9655],[-68.1261,1.9562],[-68.1111,1.9424],[-68.1012,1.9241],[-68.0792,1.86],[-68.0587,1.8164],[-68.0318,1.7775],[-67.9982,1.75],[-67.9649,1.7402]],[[-68.2386,1.7212],[-68.1633,1.7213],[-68.1804,1.7297],[-68.1888,1.7358],[-68.1917,1.7424],[-68.1907,1.755],[-68.1935,1.7637],[-68.2015,1.7687],[-68.239,1.7703],[-68.2411,1.7883],[-68.239,1.8103],[-68.2483,1.8221],[-68.2737,1.8253],[-68.2802,1.8294],[-68.2608,1.8582],[-68.2008,2.0078],[-68.1922,2.0149]],[[-67.0652,1.1727],[-66.9782,1.1968],[-66.9134,1.2149],[-66.8751,1.2225]]]}},{"type":"Feature","properties":{"FEATURECLA":"International boundary (verify)"},"geometry":{"type":"MultiLineString","coordinates":[[[-60.7399,5.2021],[-60.711,5.1982],[-60.6849,5.1883],[-60.6643,5.1703],[-60.5987,4.9969],[-60.5919,4.9497],[-60.6126,4.9006],[-60.6801,4.818],[-60.7181,4.7843],[-60.7637,4.7551],[-60.86,4.7124],[-60.8687,4.7112],[-60.888,4.7111],[-60.8958,4.7085],[-60.9034,4.6996],[-60.9311,4.6374],[-60.9404,4.5941],[-60.9478,4.5736],[-60.9773,4.535],[-61.012,4.5183],[-61.0955,4.5077],[-61.1512,4.4921],[-61.1686,4.4902]],[[-61.1686,4.4902],[-61.1859,4.4941],[-61.2201,4.5107],[-61.2381,4.5159],[-61.2973,4.5237]],[[-61.2973,4.5237],[-61.3156,4.5208],[-61.3229,4.5088],[-61.2958,4.469],[-61.293,4.4481],[-61.3082,4.4333],[-61.3332,4.4239],[-61.36,4.4189],[-61.3811,4.4177]],[[-61.3811,4.4177],[-61.4386,4.4212]],[[-61.4386,4.4212],[-61.4582,4.4191],[-61.5019,4.4019],[-61.5164,4.3748],[-61.5224,4.2978],[-61.5267,4.2855],[-61.5335,4.2736],[-61.5421,4.263],[-61.5522,4.255],[-61.5673,4.2485]],[[-64.5897,4.1189],[-64.6082,4.1265],[-64.6211,4.1469],[-64.6369,4.1911],[-64.648,4.2079],[-64.661,4.2275],[-64.6999,4.2642],[-64.7459,4.2876]],[[-64.7459,4.2876],[-64.7916,4.2844],[-64.8051,4.2719],[-64.8129,4.2528],[-64.8155,4.231],[-64.813,4.2106],[-64.8013,4.1885],[-64.7837,4.1771],[-64.7629,4.169],[-64.7419,4.1572],[-64.7271,4.1408],[-64.7195,4.1232],[-64.7074,4.083],[-64.6629,3.997],[-64.6629,3.997]],[[-61.6405,4.2419],[-61.6492,4.2434],[-61.6805,4.2525],[-61.7189,4.2547]],[[-61.7189,4.2547],[-61.7378,4.2521],[-61.7564,4.2464],[-61.7792,4.2327],[-61.831,4.1769],[-61.847,4.1661],[-61.8669,4.157],[-61.8881,4.1502],[-61.9082,4.1462]],[[-61.5673,4.2485],[-61.5766,4.2497],[-61.5854,4.2534],[-61.5991,4.2544]],[[-61.5991,4.2544],[-61.6102,4.2516],[-61.6282,4.2435],[-61.6405,4.2419]],[[-62.1536,4.0903],[-62.1927,4.0947],[-62.3842,4.1735],[-62.4281,4.1832]],[[-62.4281,4.1832],[-62.463,4.1747],[-62.4665,4.1687],[-62.4699,4.1516],[-62.4752,4.1439],[-62.4837,4.1392],[-62.5149,4.1331],[-62.537,4.1254],[-62.5464,4.1139],[-62.5486,4.0981],[-62.5488,4.0775],[-62.561,4.0378],[-62.5887,4.0307]],[[-61.9082,4.1462],[-61.9315,4.1464],[-61.9503,4.1522],[-61.9686,4.1601],[-61.9902,4.1664]],[[-61.9902,4.1664],[-62.035,4.1599],[-62.1111,4.1048],[-62.1536,4.0903]],[[-63.9964,3.8808],[-64.0377,3.8825],[-64.0638,3.9116],[-64.079,3.9531],[-64.0958,4.0244],[-64.1081,4.0581],[-64.1251,4.0885],[-64.1467,4.1106],[-64.1727,4.1234],[-64.2406,4.142],[-64.365,4.1519]],[[-64.365,4.1519],[-64.5897,4.1189]],[[-62.5887,4.0307],[-62.6707,4.0437]],[[-62.6707,4.0437],[-62.7275,4.0385],[-62.7444,4.034],[-62.7662,4.0207],[-62.7707,4.0054],[-62.7674,3.9871],[-62.7663,3.9647],[-62.7732,3.9399],[-62.7828,3.92],[-62.7888,3.8994],[-62.7851,3.8723],[-62.7798,3.8613],[-62.7743,3.8549],[-62.7702,3.8478],[-62.7668,3.822],[-62.7496,3.7836],[-62.7404,3.7419],[-62.7399,3.7004],[-62.7496,3.6604],[-62.771,3.6233],[-62.7863,3.6044],[-62.7964,3.5973],[-62.8078,3.5967]],[[-64.6628,3.997],[-64.6628,3.9969],[-64.6429,3.973],[-64.5961,3.9359],[-64.575,3.9142],[-64.5314,3.8535],[-64.4345,3.7785],[-64.3945,3.7561],[-64.3474,3.7383],[-64.3242,3.7241],[-64.2656,3.6522],[-64.2221,3.6162],[-64.203,3.5947],[-64.1957,3.5701],[-64.1956,3.5329],[-64.1979,3.5151],[-64.2051,3.4971],[-64.2321,3.4611],[-64.2421,3.443],[-64.2456,3.4189],[-64.2199,3.2929],[-64.2163,3.2514],[-64.2254,3.1656],[-64.2229,3.124],[-64.2053,3.0892],[-64.1735,3.0519],[-64.1375,2.9873],[-64.106,2.9472],[-64.0291,2.798],[-64.0122,2.744],[-64.0009,2.7254],[-63.9976,2.7149],[-63.9979,2.706],[-64.0044,2.6795],[-64.0077,2.6228],[-64.0122,2.6038],[-64.0505,2.5347],[-64.0578,2.5104],[-64.0566,2.4885],[-64.048,2.4713],[-64.0325,2.463]],[[-64.6629,3.997],[-64.6628,3.997]],[[-62.8894,3.5608],[-62.9077,3.561],[-62.931,3.5638],[-62.9511,3.5702],[-62.9751,3.5831],[-62.9971,3.5991],[-63.0107,3.615],[-63.025,3.6378],[-63.1308,3.7621],[-63.1932,3.8067],[-63.2512,3.8866],[-63.286,3.9208],[-63.3517,3.9587],[-63.3914,3.9716]],[[-63.3914,3.9716],[-63.4254,3.9684],[-63.4482,3.9394],[-63.4554,3.9006],[-63.4689,3.8672],[-63.5107,3.8545]],[[-63.771,3.9288],[-63.7906,3.933],[-63.8311,3.9495],[-63.8751,3.9498]],[[-63.8751,3.9498],[-63.9168,3.9294],[-63.9569,3.9019],[-63.9964,3.8808]],[[-63.5107,3.8545],[-63.5542,3.8754],[-63.6228,3.9352],[-63.6716,3.9462]],[[-63.6716,3.9462],[-63.6908,3.944],[-63.7459,3.9303],[-63.771,3.9288]],[[-62.8078,3.5967],[-62.8223,3.5988]],[[-62.8223,3.5988],[-62.8316,3.5949],[-62.8513,3.5772],[-62.872,3.5655],[-62.8894,3.5608]],[[-64.0108,2.4682],[-63.9518,2.4615],[-63.8313,2.4286]],[[-64.0325,2.463],[-64.0108,2.4682]],[[-63.7041,2.4376],[-63.5738,2.4344],[-63.5107,2.4247],[-63.3848,2.4206],[-63.3649,2.4131],[-63.3611,2.4],[-63.3712,2.3651],[-63.3728,2.3491],[-63.3705,2.2812],[-63.3726,2.2668],[-63.3865,2.2359],[-63.4006,2.2046],[-63.4039,2.1885],[-63.4022,2.1705],[-63.4118,2.1494],[-63.4434,2.1372],[-63.5107,2.1246],[-63.5205,2.1245]],[[-63.8313,2.4286],[-63.767,2.4293],[-63.7041,2.4376]],[[-63.5205,2.1245],[-63.549,2.1284]],[[-63.549,2.1284],[-63.562,2.1264],[-63.6175,2.1012],[-63.7626,1.9857],[-63.7832,1.975],[-63.8023,1.9723]],[[-63.8023,1.9723],[-63.9208,1.9743]],[[-63.9208,1.9743],[-63.9583,1.9707],[-63.995,1.958],[-64.0366,1.9273],[-64.0536,1.8937],[-64.0603,1.8075],[-64.076,1.7454],[-64.0725,1.6846],[-64.0754,1.6654],[-64.0809,1.6474],[-64.093,1.6226],[-64.1095,1.5985],[-64.1297,1.5781],[-64.1771,1.5511],[-64.2321,1.4971],[-64.3015,1.4467],[-64.3219,1.4244],[-64.3407,1.3842],[-64.3529,1.3658],[-64.3701,1.3587]],[[-64.3701,1.3587],[-64.3896,1.3693],[-64.3948,1.3922],[-64.3914,1.4177],[-64.385,1.4364],[-64.3638,1.4774],[-64.3646,1.4971],[-64.3864,1.5102]],[[-64.3864,1.5102],[-64.409,1.5075],[-64.4331,1.494],[-64.4751,1.463],[-64.5279,1.4357],[-64.5512,1.4195],[-64.5703,1.3955],[-64.5912,1.3501],[-64.6042,1.3313],[-64.7309,1.2476],[-64.7512,1.2433]],[[-64.7512,1.2433],[-64.7713,1.2467],[-64.8214,1.2706],[-64.8393,1.2708]],[[-64.8393,1.2708],[-64.8553,1.2587],[-64.8777,1.2349],[-64.8974,1.2197],[-64.9147,1.2148],[-64.9329,1.213],[-64.9561,1.2068],[-64.9665,1.2006],[-64.9994,1.172],[-65.0033,1.1694],[-65.0132,1.1658],[-65.0174,1.163],[-65.0197,1.1577],[-65.0207,1.144],[-65.0225,1.14],[-65.0596,1.1324]],[[-66.2851,0.7458],[-66.3462,0.7594],[-66.4071,0.8021],[-66.4495,0.8402],[-66.4677,0.8566],[-66.5159,0.8999],[-66.5841,0.9611],[-66.6622,1.0314],[-66.7404,1.1016],[-66.8086,1.1628],[-66.8568,1.2061],[-66.8751,1.2225]],[[-65.0596,1.1324],[-65.1005,1.1361]],[[-65.1005,1.1361],[-65.1368,1.1269],[-65.1602,1.0802],[-65.1684,0.9965],[-65.179,0.9554],[-65.203,0.9238],[-65.2231,0.9144],[-65.2434,0.9131]],[[-65.5427,0.6493],[-65.5605,0.656],[-65.5743,0.6702],[-65.5852,0.6915],[-65.5873,0.7391],[-65.5633,0.7779],[-65.5332,0.8163],[-65.517,0.8628],[-65.5185,0.8865],[-65.5251,0.9083],[-65.5358,0.9285],[-65.5598,0.958],[-65.5709,0.9686],[-65.5829,0.9777],[-65.596,0.9836],[-65.6081,0.9853]],[[-65.6081,0.9853],[-65.6287,0.982]],[[-65.6287,0.982],[-65.701,0.9844]],[[-65.701,0.9844],[-65.721,0.9819],[-65.7454,0.9742],[-65.7854,0.9491],[-65.872,0.909],[-65.8918,0.8956],[-65.9142,0.8746],[-65.9527,0.828],[-65.9741,0.807],[-65.9942,0.7947],[-66.0138,0.7897],[-66.0575,0.787],[-66.0792,0.7776],[-66.1111,0.7418],[-66.1344,0.7311]],[[-65.2434,0.9131],[-65.2844,0.9194]],[[-65.2844,0.9194],[-65.3103,0.9187],[-65.3272,0.9103],[-65.389,0.8357],[-65.4,0.8165],[-65.4096,0.7921],[-65.4108,0.7839],[-65.4094,0.7553],[-65.4139,0.7416],[-65.4327,0.7209],[-65.4512,0.6901],[-65.4729,0.6725],[-65.4978,0.6587],[-65.5197,0.6509],[-65.5427,0.6493]],[[-66.1344,0.7311],[-66.1563,0.733],[-66.1731,0.7431],[-66.189,0.7549],[-66.2087,0.7631]],[[-66.2087,0.7631],[-66.2283,0.7628],[-66.2851,0.7458]]]}},{"type":"Feature","properties":{"FEATURECLA":"International boundary (verify)"},"geometry":{"type":"MultiLineString","coordinates":[[[-71.3576,11.8508],[-71.3275,11.85]],[[-72.2847,11.1505],[-72.2671,11.1549],[-72.2566,11.1678],[-72.2268,11.2226],[-72.1969,11.2774],[-72.1671,11.3322],[-72.1373,11.387],[-72.1075,11.4418],[-72.0776,11.4965],[-72.0478,11.5513],[-72.018,11.6061],[-72.0079,11.6246],[-71.9906,11.6491],[-71.9711,11.6619],[-71.9452,11.6685],[-71.8866,11.6835],[-71.828,11.6986],[-71.7694,11.7136],[-71.7109,11.7285],[-71.6523,11.7436],[-71.5936,11.7585],[-71.5351,11.7735],[-71.4765,11.7886],[-71.4495,11.7955],[-71.4097,11.8123],[-71.3755,11.8411],[-71.3576,11.8508]],[[-72.3413,11.1621],[-72.3219,11.1601],[-72.2847,11.1505]],[[-73.3778,9.1647],[-73.3911,9.1728],[-73.3908,9.1945],[-73.3791,9.2139],[-73.3422,9.2392],[-73.3244,9.2559],[-73.3118,9.2762],[-73.2774,9.3618],[-73.1974,9.4787],[-73.1784,9.523],[-73.1637,9.5363],[-73.1236,9.5613],[-73.1077,9.578],[-73.0972,9.5964],[-73.0719,9.6641],[-73.0169,9.7486],[-72.9855,9.8122],[-72.9776,9.8381],[-72.9816,9.8566],[-72.9904,9.875],[-72.997,9.9007],[-72.9962,9.9213],[-72.9879,9.9604],[-72.9877,9.9994],[-72.9356,10.1752],[-72.9155,10.3943],[-72.9162,10.4138],[-72.9152,10.4282],[-72.9149,10.4329],[-72.9076,10.4525],[-72.892,10.4729],[-72.8754,10.4896],[-72.8614,10.5081],[-72.843,10.5606],[-72.7814,10.6313],[-72.7544,10.6749],[-72.7061,10.8113],[-72.683,10.8556],[-72.6567,10.8852],[-72.6131,10.9153],[-72.5945,10.933],[-72.5765,10.9574],[-72.5421,11.0411],[-72.5339,11.0524],[-72.515,11.0725],[-72.5075,11.083],[-72.5047,11.0927],[-72.5038,11.1118],[-72.4993,11.1208],[-72.4815,11.1325],[-72.46,11.1358],[-72.417,11.1376],[-72.3614,11.158],[-72.3413,11.1621]],[[-72.9364,9.0992],[-72.9553,9.104],[-72.9732,9.1284],[-72.9787,9.1501],[-72.976,9.1921],[-72.9801,9.2165],[-72.9829,9.221],[-72.9922,9.2303],[-72.9956,9.2354],[-72.9955,9.2391],[-72.9914,9.2479],[-72.9911,9.2517],[-73.0036,9.2879],[-73.0097,9.2954]],[[-73.0097,9.2954],[-73.0327,9.2946],[-73.076,9.2543],[-73.0988,9.2416],[-73.1243,9.2345],[-73.1419,9.223],[-73.1762,9.1909],[-73.2122,9.1734],[-73.2538,9.1677],[-73.3636,9.165],[-73.3778,9.1647]],[[-72.3501,8.0426],[-72.3338,8.0655],[-72.3358,8.1039],[-72.3573,8.1721],[-72.3905,8.2343],[-72.396,8.2566],[-72.3948,8.2728],[-72.3858,8.3055],[-72.384,8.3218],[-72.3868,8.3386],[-72.3935,8.3554],[-72.4032,8.3705],[-72.4151,8.3824],[-72.4156,8.3827],[-72.425,8.3877],[-72.4344,8.3902],[-72.4445,8.3941],[-72.4563,8.4039],[-72.4799,8.4293],[-72.4995,8.4504],[-72.5192,8.4715],[-72.5388,8.4926],[-72.5585,8.5137],[-72.5781,8.5349],[-72.5978,8.556],[-72.6173,8.577],[-72.6371,8.5982],[-72.6554,8.6179],[-72.6754,8.6515],[-72.686,8.6917],[-72.6975,8.7354],[-72.709,8.7791],[-72.7205,8.8227],[-72.7321,8.8664],[-72.7435,8.9101],[-72.7551,8.9537],[-72.7666,8.9974],[-72.7781,9.0411],[-72.7831,9.0599],[-72.8,9.0794],[-72.7856,9.1024],[-72.791,9.1139],[-72.8077,9.1237],[-72.8267,9.1417]],[[-72.8267,9.1417],[-72.8341,9.1336]],[[-72.8341,9.1336],[-72.8415,9.1338],[-72.8503,9.1367],[-72.8617,9.137]],[[-72.8617,9.137],[-72.874,9.1334],[-72.882,9.1294],[-72.9162,9.107],[-72.9364,9.0992]],[[-72.3883,8.0462],[-72.3672,8.0427],[-72.3501,8.0426]],[[-72.3218,7.39],[-72.3708,7.3991],[-72.3958,7.4075],[-72.4146,7.4138],[-72.4513,7.4402],[-72.4787,7.4845],[-72.482,7.508],[-72.4759,7.5286],[-72.4674,7.5487],[-72.4634,7.5708],[-72.4668,7.5899],[-72.4804,7.6289],[-72.4833,7.6494],[-72.4741,7.7542],[-72.4542,7.8152],[-72.4518,7.8328],[-72.4545,7.8762],[-72.4586,7.8935],[-72.4657,7.9046],[-72.4867,7.9287],[-72.4912,7.9375],[-72.4878,7.9492],[-72.4788,7.9555],[-72.4674,7.9597],[-72.4567,7.9649],[-72.4419,7.9771],[-72.4301,7.9905],[-72.4219,8.0062],[-72.4171,8.0258],[-72.4071,8.0438],[-72.3883,8.0462]],[[-71.8482,6.9839],[-71.881,6.9866],[-71.964,7.0059],[-71.9938,7.0129],[-71.994,7.013],[-72.0053,7.0191],[-72.0287,7.0388],[-72.0421,7.0469],[-72.0696,7.0592],[-72.081,7.0666],[-72.0983,7.0868],[-72.1533,7.1926],[-72.1641,7.2208],[-72.1715,7.2499],[-72.1742,7.2796],[-72.1735,7.2882],[-72.164,7.3289],[-72.1663,7.3341],[-72.1717,7.3373],[-72.2062,7.3819],[-72.2397,7.3913]],[[-72.2397,7.3913],[-72.3218,7.39]],[[-70.6393,7.0735],[-70.6732,7.0812],[-70.6826,7.0846],[-70.6967,7.0967],[-70.7033,7.0999]],[[-70.7033,7.0999],[-70.733,7.0993],[-70.7931,7.0851],[-70.8366,7.0819],[-70.8748,7.0692],[-70.8955,7.0685],[-70.9034,7.0632],[-70.9081,7.0534],[-70.9188,7.0395],[-70.9613,7.0094],[-71.0113,6.9909],[-71.0655,6.9845]],[[-70.4841,7.0053],[-70.4948,7.0055],[-70.5107,7.0097],[-70.5209,7.0156],[-70.5715,7.0794],[-70.5786,7.0858]],[[-70.5786,7.0858],[-70.5947,7.083],[-70.6229,7.0741],[-70.6393,7.0735]],[[-71.5878,7.0293],[-71.5947,7.0301],[-71.6065,7.0383],[-71.6122,7.0463],[-71.6204,7.0521],[-71.6543,7.0534]],[[-71.6543,7.0534],[-71.667,7.0515],[-71.6735,7.0442],[-71.6696,7.0277]],[[-71.5288,7.0271],[-71.5486,7.0283],[-71.5493,7.0291],[-71.5511,7.0318],[-71.5536,7.0373],[-71.5584,7.0412]],[[-71.5584,7.0412],[-71.5671,7.0393],[-71.5806,7.0316],[-71.5878,7.0293]],[[-71.6696,7.0277],[-71.698,7.035]],[[-71.698,7.035],[-71.7217,7.0334],[-71.7454,7.0293],[-71.774,7.0289],[-71.7715,7.0111],[-71.7778,7.0075]],[[-71.4677,7.0124],[-71.4876,7.0289],[-71.5099,7.0346]],[[-71.5099,7.0346],[-71.5281,7.0299],[-71.5291,7.0283],[-71.5288,7.0271]],[[-71.3494,7.0195],[-71.366,7.0207],[-71.3982,7.0295],[-71.4139,7.031]],[[-71.4139,7.031],[-71.4295,7.0277],[-71.4558,7.0157],[-71.4677,7.0124]],[[-71.184,6.9626],[-71.1938,6.9653],[-71.2015,6.9719],[-71.2132,6.9775],[-71.262,6.9787],[-71.2755,6.9844],[-71.2807,6.9946],[-71.2815,7.0072],[-71.2835,7.0188],[-71.2925,7.0258],[-71.3078,7.0274]],[[-71.3078,7.0274],[-71.3494,7.0195]],[[-71.7778,7.0075],[-71.7886,7.0097]],[[-71.7886,7.0097],[-71.7996,7.0092],[-71.8121,7.0012],[-71.8219,6.993],[-71.8326,6.9864],[-71.8482,6.9839]],[[-70.2876,6.9369],[-70.3191,6.9383],[-70.4229,6.9878],[-70.4378,6.993],[-70.441,6.9958],[-70.447,7.0047],[-70.4517,7.0077],[-70.4613,7.0083]],[[-70.4613,7.0083],[-70.4841,7.0053]],[[-71.0655,6.9845],[-71.136,6.9921]],[[-71.136,6.9921],[-71.1454,6.9862],[-71.1536,6.9771],[-71.1663,6.9681],[-71.184,6.9626]],[[-69.4436,6.1222],[-69.4726,6.1587],[-69.5485,6.2543],[-69.6244,6.3498],[-69.7002,6.4453],[-69.776,6.5408],[-69.8518,6.6363],[-69.9277,6.7318],[-70.0036,6.8274],[-70.0794,6.9228],[-70.0966,6.9444],[-70.1292,6.9725],[-70.1578,6.9795]],[[-70.1578,6.9795],[-70.195,6.9776],[-70.2313,6.9685],[-70.2876,6.9369]],[[-67.7567,5.4088],[-67.7521,5.4097],[-67.7467,5.4143],[-67.737,5.4258],[-67.7316,5.4301],[-67.7021,5.4414],[-67.6937,5.4472],[-67.6753,5.4672],[-67.6645,5.4749],[-67.6525,5.478],[-67.647,5.4834],[-67.636,5.5195],[-67.63,5.5269],[-67.623,5.5334],[-67.617,5.5416],[-67.6143,5.5537],[-67.6177,5.5585],[-67.6326,5.5731],[-67.636,5.5776],[-67.6378,5.5973],[-67.6491,5.6561],[-67.6491,5.702],[-67.6412,5.7448],[-67.6251,5.7845],[-67.6012,5.8206],[-67.5416,5.8767],[-67.5324,5.8926],[-67.4852,5.9441],[-67.4709,5.9528],[-67.4348,5.9682],[-67.4225,5.9782],[-67.4186,5.9953],[-67.421,6.0183],[-67.4286,6.0385],[-67.4543,6.0568],[-67.4912,6.1145],[-67.4914,6.153],[-67.487,6.1668],[-67.4762,6.1784],[-67.4563,6.1932],[-67.45,6.1979],[-67.451,6.198],[-67.4905,6.2016],[-67.5183,6.2225],[-67.5449,6.2481],[-67.574,6.2662],[-67.731,6.3027],[-67.8008,6.3086],[-67.8185,6.3138]],[[-67.8185,6.3138],[-67.8272,6.3134],[-67.8391,6.3075],[-67.8576,6.2885],[-67.8681,6.2799],[-67.8793,6.2779]],[[-67.8793,6.2779],[-67.8928,6.2783]],[[-67.8928,6.2783],[-67.9043,6.2751],[-67.9092,6.2625],[-67.9111,6.2523],[-67.9163,6.2422],[-67.9241,6.2346],[-67.9337,6.2315],[-67.9433,6.2297],[-67.978,6.2178],[-68.019,6.2116]],[[-68.019,6.2116],[-68.1465,6.2238]],[[-68.1465,6.2238],[-68.1903,6.2178],[-68.3042,6.177],[-68.3411,6.1768]],[[-68.9786,6.1973],[-69.0162,6.214],[-69.0369,6.2188]],[[-69.0369,6.2188],[-69.0611,6.2178],[-69.0802,6.2094],[-69.1084,6.1826],[-69.13,6.1699],[-69.1892,6.1126],[-69.2461,6.0807]],[[-68.8929,6.1843],[-68.9145,6.1887],[-68.9383,6.1971],[-68.9609,6.2024]],[[-68.9609,6.2024],[-68.9786,6.1973]],[[-68.3411,6.1768],[-68.4067,6.1949],[-68.4274,6.1973]],[[-68.4274,6.1973],[-68.449,6.195],[-68.5225,6.1733],[-68.5847,6.17],[-68.5957,6.1649],[-68.622,6.1419],[-68.6353,6.1359]],[[-68.6353,6.1359],[-68.6593,6.1387],[-68.7009,6.158],[-68.7216,6.1625],[-68.7441,6.1649],[-68.8079,6.1843],[-68.8291,6.1878]],[[-68.8291,6.1878],[-68.8929,6.1843]],[[-69.2461,6.0807],[-69.2686,6.0975],[-69.3113,6.1462],[-69.3314,6.1564]],[[-69.3314,6.1564],[-69.3582,6.1516],[-69.4061,6.1293],[-69.4311,6.1222],[-69.432,6.1222],[-69.4436,6.1222]],[[-67.7679,5.4105],[-67.7567,5.4088]],[[-67.8477,4.4979],[-67.8566,4.5042],[-67.8651,4.5121],[-67.8718,4.5216],[-67.8751,4.5326],[-67.8734,4.5465],[-67.8676,4.5532],[-67.8606,4.558],[-67.8552,4.5662],[-67.8537,4.5758],[-67.8552,4.6077],[-67.8488,4.6342],[-67.8456,4.6897],[-67.8406,4.7115],[-67.8306,4.7275],[-67.8229,4.7436],[-67.8205,4.7876],[-67.8135,4.8063],[-67.8186,4.8157],[-67.8171,4.8215],[-67.8139,4.8283],[-67.8135,4.8405],[-67.8161,4.8473],[-67.8252,4.8649],[-67.8272,4.8715],[-67.8264,4.8948],[-67.8196,4.9333],[-67.8067,4.9723],[-67.805,4.9912],[-67.8067,5.0357],[-67.8046,5.0409],[-67.7999,5.0459],[-67.7952,5.0527],[-67.7931,5.0633],[-67.7968,5.0702],[-67.8147,5.091],[-67.821,5.1006],[-67.8245,5.1106],[-67.8266,5.1204],[-67.8276,5.1307],[-67.8272,5.1421],[-67.8246,5.1543],[-67.8156,5.1779],[-67.8135,5.1866],[-67.8147,5.2103],[-67.8186,5.2278],[-67.825,5.2428],[-67.834,5.2589],[-67.8437,5.2972],[-67.8346,5.3393],[-67.8098,5.3788],[-67.7726,5.4097],[-67.7679,5.4105]],[[-67.5765,3.7307],[-67.5948,3.7309],[-67.6141,3.7406],[-67.6318,3.7619],[-67.6388,3.7852],[-67.6444,3.8346],[-67.6539,3.8592],[-67.6939,3.9286],[-67.6986,3.95],[-67.7016,4.012],[-67.7104,4.0357],[-67.717,4.0393],[-67.7169,4.0399],[-67.7141,4.0565],[-67.7206,4.075],[-67.7316,4.0864],[-67.7402,4.1187],[-67.7589,4.1386],[-67.7777,4.1539],[-67.7862,4.173],[-67.7908,4.2043],[-67.7994,4.2353],[-67.8049,4.2685],[-67.7999,4.3061],[-67.782,4.3389],[-67.7794,4.3508],[-67.7827,4.3638],[-67.7967,4.3858],[-67.7999,4.3989],[-67.7984,4.4069],[-67.7927,4.4208],[-67.7931,4.429],[-67.7971,4.4349],[-67.8094,4.4393],[-67.8135,4.4433],[-67.8219,4.4782],[-67.8291,4.4914],[-67.8477,4.5047]],[[-67.8477,4.5047],[-67.8477,4.4979]],[[-67.8559,2.7898],[-67.8553,2.8582],[-67.8386,2.8861],[-67.8136,2.9093],[-67.7708,2.949],[-67.728,2.9886],[-67.6851,3.0282],[-67.6423,3.0678],[-67.5995,3.1075],[-67.5566,3.147],[-67.5138,3.1867],[-67.4709,3.2263],[-67.4522,3.2437],[-67.4402,3.2494],[-67.4184,3.2537],[-67.4081,3.2573],[-67.3958,3.2666],[-67.3353,3.3421],[-67.3095,3.3839],[-67.3046,3.4257],[-67.3378,3.4601],[-67.3754,3.4749],[-67.3901,3.4851],[-67.4039,3.5045],[-67.4714,3.6801],[-67.4998,3.7179],[-67.5374,3.7355]],[[-67.5374,3.7355],[-67.5579,3.7342],[-67.5765,3.7307]],[[-67.6656,2.8013],[-67.6904,2.8063],[-67.7316,2.8263],[-67.7426,2.8386],[-67.751,2.8421]],[[-67.751,2.8421],[-67.7702,2.8324],[-67.7814,2.8315]],[[-67.7814,2.8315],[-67.8033,2.8326]],[[-67.8033,2.8326],[-67.8233,2.8273],[-67.8333,2.8152],[-67.8413,2.8014],[-67.8559,2.7898]],[[-66.8751,1.2225],[-66.8959,1.2653],[-66.9009,1.289],[-66.8825,1.326],[-66.8835,1.3499],[-66.8912,1.3745],[-66.9017,1.3945],[-66.9119,1.4052],[-66.9234,1.4144],[-66.9327,1.4246],[-66.9365,1.4385],[-66.9297,1.4795],[-66.9336,1.5017],[-66.9432,1.5232],[-66.9645,1.5583],[-66.9742,1.58],[-66.9781,1.5997],[-66.9781,1.6443],[-66.9809,1.6659],[-67.0668,1.8941],[-67.0848,1.928],[-67.0873,1.9388],[-67.0916,1.9465],[-67.1103,1.9595],[-67.1181,1.9724],[-67.1255,1.9805],[-67.1326,1.9908],[-67.1351,2.0033],[-67.119,2.024],[-67.1146,2.0313],[-67.1112,2.0488],[-67.1146,2.103],[-67.121,2.1191],[-67.136,2.1271],[-67.1541,2.1327],[-67.1693,2.1412],[-67.1778,2.1545],[-67.1943,2.197],[-67.2013,2.2279],[-67.2173,2.2661],[-67.2177,2.2845],[-67.2063,2.2978],[-67.187,2.316],[-67.1737,2.3364],[-67.1802,2.3565],[-67.1857,2.3655],[-67.1861,2.3845],[-67.1897,2.3944],[-67.1976,2.402],[-67.2314,2.4223],[-67.2666,2.4338],[-67.2757,2.4394],[-67.2947,2.4584],[-67.3057,2.4662],[-67.3166,2.4695],[-67.3254,2.4746],[-67.3313,2.4867],[-67.3358,2.5003],[-67.3406,2.5105],[-67.3499,2.5185],[-67.372,2.5304],[-67.3815,2.5378],[-67.3881,2.5482],[-67.3932,2.5593],[-67.4004,2.5682],[-67.4129,2.5719],[-67.417,2.5758],[-67.4326,2.5954],[-67.4362,2.6036],[-67.4403,2.61],[-67.4617,2.6204],[-67.4709,2.6271],[-67.475,2.6347],[-67.481,2.6535],[-67.4852,2.6619],[-67.5003,2.6753],[-67.5188,2.681],[-67.5637,2.6818],[-67.5756,2.6911],[-67.5815,2.7131],[-67.5871,2.7581],[-67.5943,2.7761],[-67.6085,2.7986],[-67.6266,2.8134]],[[-67.6266,2.8134],[-67.6457,2.8087],[-67.6656,2.8013]]]}},{"type":"Feature","properties":{"FEATURECLA":"International boundary (verify)"},"geometry":{"type":"MultiLineString","coordinates":[[[-141.0055,69.6509],[-141.0055,69.5052],[-141.0054,69.3594],[-141.0053,69.2136],[-141.0053,69.0678],[-141.0052,68.922],[-141.0052,68.7763],[-141.0051,68.6305],[-141.005,68.4847],[-141.0049,68.339],[-141.0049,68.1932],[-141.0048,68.0474],[-141.0047,67.9016],[-141.0047,67.7558],[-141.0046,67.6101],[-141.0045,67.4643],[-141.0045,67.3185],[-141.0044,67.1727],[-141.0043,67.0269],[-141.0042,66.8811],[-141.0042,66.7354],[-141.0042,66.5896],[-141.0041,66.4438],[-141.004,66.298],[-141.0039,66.1523],[-141.0038,66.0065],[-141.0038,65.8607],[-141.0037,65.715],[-141.0036,65.5692],[-141.0036,65.4234],[-141.0035,65.2776],[-141.0035,65.1318],[-141.0034,64.986],[-141.0033,64.8402],[-141.0032,64.6945],[-141.0031,64.5487],[-141.0031,64.4029],[-141.0031,64.2571],[-141.003,64.1113],[-141.0029,63.9655],[-141.0028,63.8198],[-141.0028,63.6741],[-141.0027,63.5283],[-141.0026,63.3825],[-141.0026,63.2367],[-141.0025,63.0909],[-141.0024,62.9451],[-141.0024,62.7993],[-141.0023,62.6536],[-141.0022,62.5078],[-141.0021,62.362],[-141.0021,62.2162],[-141.002,62.0704],[-141.002,61.9246],[-141.0019,61.7789],[-141.0018,61.6331],[-141.0017,61.4873],[-141.0017,61.3416],[-141.0016,61.1958],[-141.0015,61.05],[-141.0014,60.9042],[-141.0014,60.7584],[-141.0013,60.6127],[-141.0012,60.4669],[-141.0012,60.3211],[-140.9949,60.3044],[-140.9796,60.2958],[-140.9091,60.2837],[-140.7685,60.2593],[-140.6605,60.2405],[-140.5337,60.2185]],[[-139.1016,60.3466],[-139.0795,60.341],[-139.0687,60.3221],[-139.0732,60.2998],[-139.1135,60.2268],[-139.1496,60.1612],[-139.1832,60.1002],[-139.1821,60.0734],[-139.1123,60.0314],[-139.0602,60.0001],[-139.0516,59.9949],[-139.0038,59.9772],[-138.8424,59.9377],[-138.7426,59.9132],[-138.7049,59.8985],[-138.6972,59.8937],[-138.6921,59.8869],[-138.6543,59.8055],[-138.6374,59.7841],[-138.5992,59.7538],[-138.4889,59.6964],[-138.3636,59.6311],[-138.2195,59.556],[-138.0676,59.477],[-137.9106,59.3952],[-137.7583,59.3159],[-137.6114,59.2393],[-137.5942,59.2253],[-137.5821,59.2066],[-137.5493,59.1345],[-137.521,59.0724],[-137.4844,58.9919],[-137.5078,58.94],[-137.5088,58.9149],[-137.4869,58.9001],[-137.4535,58.8991]],[[-140.0158,60.1874],[-139.9678,60.1884],[-139.9169,60.2079],[-139.8263,60.2565],[-139.7284,60.309],[-139.6798,60.3268],[-139.6283,60.3341],[-139.518,60.3367],[-139.414,60.3392],[-139.2622,60.3428],[-139.1016,60.3466]],[[-140.4478,60.2945],[-140.4241,60.2932],[-140.325,60.2675],[-140.1692,60.2272],[-140.0158,60.1874]],[[-140.5337,60.2185],[-140.5187,60.2239],[-140.5067,60.2363],[-140.4753,60.2765],[-140.4628,60.2891],[-140.4478,60.2945]],[[-135.4828,59.7925],[-135.4651,59.7897],[-135.4044,59.7533],[-135.3458,59.731],[-135.2599,59.6982],[-135.2219,59.6753],[-135.192,59.6471],[-135.1578,59.6233],[-135.1067,59.6132],[-135.0879,59.6065],[-135.0329,59.5731],[-135.0185,59.5594],[-135.0162,59.5434],[-135.0195,59.4932],[-135.0233,59.4771],[-135.0375,59.4616],[-135.0786,59.4383],[-135.0958,59.4189],[-134.9933,59.3819],[-135.0048,59.3671],[-135.0144,59.3515],[-135.0162,59.3362],[-134.98,59.2974],[-134.9578,59.281],[-134.9324,59.2706],[-134.8395,59.2581],[-134.7434,59.2451],[-134.7055,59.2401],[-134.6921,59.2352],[-134.6829,59.223],[-134.6714,59.1938],[-134.6604,59.1813],[-134.6108,59.1446],[-134.5828,59.1288],[-134.5567,59.1231],[-134.5091,59.1228],[-134.4776,59.1149],[-134.451,59.0979],[-134.398,59.052],[-134.3872,59.0369],[-134.3856,59.0188],[-134.3994,58.975],[-134.3434,58.9689],[-134.3297,58.963],[-134.32,58.9527],[-134.3231,58.9492],[-134.3303,58.9453],[-134.333,58.9341],[-134.3274,58.9165],[-134.3169,58.9038],[-134.2222,58.8427],[-134.1088,58.8082],[-133.9831,58.7699],[-133.8712,58.7359],[-133.8311,58.718],[-133.7964,58.6934],[-133.7001,58.5994],[-133.6263,58.5464],[-133.5471,58.5056],[-133.4631,58.4622],[-133.3922,58.4039],[-133.4301,58.3721],[-133.415,58.3305],[-133.3746,58.291],[-133.2573,58.2103],[-133.1656,58.1473],[-133.1421,58.1206],[-133.0948,58.0331],[-133.0752,58.0079],[-132.9933,57.9419],[-132.9172,57.8805],[-132.8321,57.7916],[-132.7094,57.6633],[-132.6291,57.5793],[-132.5524,57.4991],[-132.4557,57.421],[-132.3623,57.3457],[-132.3047,57.2804],[-132.231,57.1968],[-132.2764,57.1489],[-132.3412,57.0804],[-132.1623,57.0503],[-132.0319,57.0284],[-132.1074,56.8588],[-131.8716,56.7935],[-131.8659,56.7857],[-131.8724,56.773],[-131.8826,56.7591],[-131.888,56.748],[-131.886,56.7371],[-131.8807,56.7288],[-131.8648,56.7135],[-131.839,56.6823],[-131.8304,56.6648],[-131.8266,56.6446],[-131.8321,56.6034],[-131.8256,56.5933],[-131.7991,56.5877],[-131.6923,56.5851]],[[-136.3668,59.4496],[-136.32,59.4591],[-136.275,59.4864],[-136.2447,59.5282],[-136.2585,59.5561],[-136.2993,59.5757],[-136.3503,59.5924],[-136.2585,59.6216],[-136.1454,59.6368],[-136.0269,59.6528],[-135.9238,59.6667],[-135.831,59.6933],[-135.6413,59.7474],[-135.4828,59.7925]],[[-136.4676,59.4616],[-136.416,59.4522],[-136.3668,59.4496]],[[-136.6719,59.1508],[-136.6135,59.1542],[-136.5695,59.1722],[-136.4848,59.2538],[-136.4836,59.2575],[-136.4665,59.2878],[-136.4671,59.3845],[-136.4676,59.4616]],[[-136.7855,59.1572],[-136.6719,59.1508]],[[-137.4535,58.8991],[-137.4231,58.9077],[-137.3381,58.9555],[-137.2819,58.9872],[-137.1723,59.0271],[-137.0624,59.0676],[-137.0471,59.0733],[-136.9423,59.1111],[-136.8408,59.1482],[-136.7855,59.1572]],[[-131.5859,56.595],[-131.5604,56.5941],[-131.5364,56.5852],[-131.4917,56.5602],[-131.3457,56.5033],[-131.2156,56.4526],[-131.1005,56.4077],[-131.0169,56.3871],[-130.8391,56.3725],[-130.7603,56.3452],[-130.6458,56.2619],[-130.6023,56.2471],[-130.4955,56.2324],[-130.4723,56.2249],[-130.4581,56.2107],[-130.4279,56.144],[-130.4182,56.1297],[-130.404,56.1219],[-130.2903,56.101],[-130.2432,56.0924],[-130.2112,56.09]],[[-131.6923,56.5851],[-131.5859,56.595]],[[-130.1168,56.1056],[-130.0943,56.1015],[-130.0715,56.0841],[-130.0393,56.0455],[-130.0266,56.0241],[-130.019,56.0022],[-130.0147,55.9633],[-130.0168,55.9189],[-130.0196,55.908],[-130.0196,55.908]],[[-130.2112,56.09],[-130.1168,56.1056]]]}},{"type":"Feature","properties":{"FEATURECLA":"International boundary (verify)"},"geometry":{"type":"LineString","coordinates":[[-123.0905,48.9925],[-123.0353,48.9925]]}},{"type":"Feature","properties":{"FEATURECLA":"Lease limit"},"geometry":{"type":"MultiLineString","coordinates":[[[-75.1789,19.9707],[-75.1602,19.9706]],[[-75.2329,19.9001],[-75.229,19.9374],[-75.1789,19.9707]]]}},{"type":"Feature","properties":{"FEATURECLA":"Disputed (please verify)"},"geometry":{"type":"MultiLineString","coordinates":[[[-89.2282,15.8808],[-89.2365,15.8939],[-89.236,15.9065],[-89.2341,15.9549],[-89.2085,16.1861],[-89.1931,16.3926]],[[-88.9519,15.8797],[-89.0403,15.9017]],[[-89.0403,15.9017],[-89.0724,15.9015],[-89.1009,15.8968]],[[-89.1009,15.8968],[-89.1774,15.9003]],[[-89.1774,15.9003],[-89.1958,15.8929],[-89.2048,15.8924],[-89.2165,15.8886],[-89.226,15.884],[-89.2282,15.8808]],[[-88.914,15.8939],[-88.9519,15.8797]]]}},{"type":"Feature","properties":{"FEATURECLA":"International boundary (verify)"},"geometry":{"type":"LineString","coordinates":[[-83.8595,10.7218],[-83.8558,10.724],[-83.8353,10.7476],[-83.769,10.7725],[-83.7638,10.7737],[-83.6981,10.7892],[-83.663,10.807],[-83.6601,10.8342],[-83.6693,10.8698],[-83.6699,10.8917],[-83.6798,10.897],[-83.6768,10.9103],[-83.6788,10.9162]]}},{"type":"Feature","properties":{"FEATURECLA":"International boundary (verify)"},"geometry":{"type":"LineString","coordinates":[[-83.6788,10.9162],[-83.681,10.9171],[-83.6888,10.9346],[-83.6966,10.9366]]}},{"type":"Feature","properties":{"FEATURECLA":"International boundary (verify)"},"geometry":{"type":"LineString","coordinates":[[-84.1804,10.7898],[-84.1648,10.7894],[-84.1577,10.7884],[-84.149,10.7872]]}},{"type":"Feature","properties":{"FEATURECLA":"International boundary (verify)"},"geometry":{"type":"LineString","coordinates":[[-84.1916,10.7817],[-84.1804,10.7898]]}},{"type":"Feature","properties":{"FEATURECLA":"International boundary (verify)"},"geometry":{"type":"LineString","coordinates":[[-84.0092,10.7894],[-83.9982,10.7821],[-83.9936,10.765],[-83.9333,10.7181],[-83.9266,10.7149],[-83.9173,10.7135]]}},{"type":"Feature","properties":{"FEATURECLA":"International boundary (verify)"},"geometry":{"type":"LineString","coordinates":[[-84.0346,10.7755],[-84.0227,10.7872],[-84.0092,10.7894]]}},{"type":"Feature","properties":{"FEATURECLA":"International boundary (verify)"},"geometry":{"type":"LineString","coordinates":[[-84.137,10.7892],[-84.1184,10.7712],[-84.1069,10.7669]]}},{"type":"Feature","properties":{"FEATURECLA":"International boundary (verify)"},"geometry":{"type":"LineString","coordinates":[[-84.149,10.7872],[-84.137,10.7892]]}},{"type":"Feature","properties":{"FEATURECLA":"International boundary (verify)"},"geometry":{"type":"LineString","coordinates":[[-84.0516,10.7796],[-84.0346,10.7755]]}},{"type":"Feature","properties":{"FEATURECLA":"International boundary (verify)"},"geometry":{"type":"LineString","coordinates":[[-84.0764,10.7638],[-84.0516,10.7796]]}},{"type":"Feature","properties":{"FEATURECLA":"International boundary (verify)"},"geometry":{"type":"LineString","coordinates":[[-84.0886,10.7755],[-84.0764,10.7638]]}},{"type":"Feature","properties":{"FEATURECLA":"International boundary (verify)"},"geometry":{"type":"LineString","coordinates":[[-84.1069,10.7669],[-84.0954,10.7755],[-84.0886,10.7755]]}},{"type":"Feature","properties":{"FEATURECLA":"International boundary (verify)"},"geometry":{"type":"LineString","coordinates":[[-83.8869,10.7272],[-83.8595,10.7218]]}},{"type":"Feature","properties":{"FEATURECLA":"International boundary (verify)"},"geometry":{"type":"LineString","coordinates":[[-83.9173,10.7135],[-83.9075,10.7154],[-83.8936,10.7249],[-83.8869,10.7272]]}},{"type":"Feature","properties":{"FEATURECLA":"International boundary (verify)"},"geometry":{"type":"LineString","coordinates":[[-83.6869,10.938],[-83.6818,10.9354],[-83.6783,10.936],[-83.673,10.9332],[-83.673,10.9313],[-83.6756,10.9294],[-83.6756,10.926],[-83.6713,10.9265],[-83.6662,10.9312],[-83.6654,10.9353]]}}]}