{"type":"FeatureCollection","features":[{"type":"Feature","properties":{"name":"Mexico"},"geometry":{"type":"MultiPolygon","coordinates":[[[[-118.3688,29.1144],[-118.364,29.0983],[-118.3582,29.0837],[-118.3555,29.067],[-118.3353,29.0512],[-118.3235,29.04],[-118.3137,29.0256],[-118.3043,28.998],[-118.316,28.9817],[-118.3,28.9678],[-118.294,28.9481],[-118.2975,28.9309],[-118.2927,28.9157],[-118.2836,28.8926],[-118.2947,28.8886],[-118.2984,28.8768],[-118.2888,28.8681],[-118.2892,28.8789],[-118.282,28.8791],[-118.2704,28.8862],[-118.2514,28.8845],[-118.2258,28.9151],[-118.2214,28.9593],[-118.2291,28.996],[-118.2205,29.0152],[-118.2296,29.0617],[-118.2515,29.0894],[-118.2672,29.0981],[-118.2791,29.1162],[-118.2862,29.1364],[-118.2837,29.1519],[-118.2718,29.1651],[-118.2559,29.1809],[-118.2738,29.1896],[-118.2963,29.1862],[-118.3092,29.1716],[-118.3367,29.1633],[-118.3568,29.1495],[-118.3654,29.1317],[-118.3688,29.1144]]],[[[-117.2537,32.4208],[-117.2511,32.411],[-117.248,32.4073],[-117.2467,32.4],[-117.2432,32.3887],[-117.2393,32.3891],[-117.2394,32.3971],[-117.242,32.4044],[-117.245,32.4146],[-117.2476,32.4186],[-117.2537,32.4208]]],[[[-117.1251,32.5317],[-117.1241,32.5241],[-117.1245,32.5129],[-117.1234,32.4906],[-117.1212,32.4719],[-117.1184,32.4545],[-117.1073,32.4376],[-117.0886,32.4049],[-117.0735,32.3695],[-117.025,32.2769],[-117.0099,32.2651],[-116.9667,32.2566],[-116.9483,32.247],[-116.9334,32.2338],[-116.9227,32.2194],[-116.9051,32.1784],[-116.8869,32.132],[-116.8787,32.0692],[-116.8753,32.0345],[-116.8654,32.013],[-116.8423,31.9865],[-116.8039,31.9787],[-116.7699,31.9778],[-116.7579,31.965],[-116.756,31.9346],[-116.7548,31.9096],[-116.7353,31.9035],[-116.7188,31.9012],[-116.6947,31.89],[-116.6764,31.8688],[-116.6569,31.8639],[-116.6197,31.8576],[-116.6118,31.8429],[-116.61,31.8226],[-116.6126,31.801],[-116.6196,31.7717],[-116.6304,31.7528],[-116.6436,31.7343],[-116.6613,31.7234],[-116.6788,31.727],[-116.7088,31.7442],[-116.7504,31.7524],[-116.7412,31.7385],[-116.7153,31.711],[-116.6902,31.7082],[-116.6754,31.7026],[-116.6685,31.697],[-116.6551,31.678],[-116.6481,31.6592],[-116.6558,31.6325],[-116.6619,31.6164],[-116.6642,31.6011],[-116.6445,31.5795],[-116.6676,31.58],[-116.6811,31.5773],[-116.6772,31.5778],[-116.6811,31.5663],[-116.6756,31.5526],[-116.6522,31.5379],[-116.647,31.5284],[-116.6091,31.5014],[-116.602,31.4912],[-116.5995,31.4839],[-116.5959,31.4779],[-116.5855,31.4713],[-116.5721,31.4669],[-116.5524,31.4521],[-116.5389,31.4473],[-116.5301,31.4403],[-116.5141,31.4228],[-116.5082,31.4193],[-116.4976,31.4068],[-116.4541,31.3385],[-116.3415,31.2196],[-116.3094,31.1485],[-116.3181,31.0897],[-116.3261,31.0274],[-116.3404,30.9893],[-116.3354,30.9563],[-116.3073,30.9541],[-116.2682,30.9638],[-116.2497,30.9568],[-116.2262,30.9265],[-116.2186,30.9132],[-116.2013,30.8916],[-116.1758,30.8601],[-116.1521,30.8578],[-116.1056,30.8188],[-116.068,30.8132],[-116.0579,30.8025],[-116.0548,30.7837],[-116.0369,30.7302],[-116.0311,30.6271],[-116.0493,30.4796],[-116.029,30.4413],[-116.0123,30.3923],[-116.0045,30.3592],[-115.9798,30.3594],[-115.9914,30.3886],[-115.9964,30.4105],[-116.0061,30.4223],[-116.0146,30.426],[-116.0151,30.4345],[-116.0102,30.4437],[-116.0027,30.4497],[-115.9893,30.4405],[-115.983,30.432],[-115.9719,30.4342],[-115.9617,30.4422],[-115.9633,30.4587],[-115.9706,30.4709],[-115.9801,30.4826],[-115.9891,30.4975],[-115.9725,30.4928],[-115.9547,30.4796],[-115.9403,30.4634],[-115.9338,30.4497],[-115.937,30.4351],[-115.9473,30.4234],[-115.9754,30.4013],[-115.9329,30.4002],[-115.8983,30.3867],[-115.866,30.3687],[-115.8373,30.3465],[-115.8259,30.3177],[-115.8073,30.2841],[-115.7983,30.2403],[-115.7972,30.1958],[-115.8032,30.163],[-115.8041,30.1514],[-115.8019,30.1431],[-115.7926,30.1295],[-115.7904,30.1238],[-115.7833,30.0926],[-115.7904,30.0381],[-115.8112,29.968],[-115.8075,29.9562],[-115.7625,29.9538],[-115.7443,29.9475],[-115.7289,29.9351],[-115.7208,29.9208],[-115.6999,29.898],[-115.6948,29.8692],[-115.6907,29.8518],[-115.6858,29.8306],[-115.688,29.8018],[-115.6953,29.7772],[-115.6976,29.7558],[-115.6221,29.6953],[-115.5937,29.6922],[-115.5726,29.6687],[-115.5481,29.6534],[-115.5361,29.6352],[-115.5192,29.6273],[-115.4986,29.6114],[-115.4774,29.6265],[-115.452,29.6201],[-115.4236,29.5957],[-115.3714,29.557],[-115.2857,29.5299],[-115.2323,29.4901],[-115.1871,29.4286],[-115.1042,29.4189],[-114.972,29.3778],[-114.9248,29.331],[-114.8795,29.2877],[-114.8514,29.2583],[-114.8294,29.2316],[-114.7853,29.1942],[-114.7523,29.1928],[-114.7438,29.1876],[-114.7398,29.1755],[-114.7349,29.1518],[-114.7279,29.1412],[-114.722,29.1175],[-114.7049,29.0961],[-114.689,29.1131],[-114.6595,29.103],[-114.6314,29.0945],[-114.6234,29.0805],[-114.6182,29.0631],[-114.6083,29.0462],[-114.6025,29.0303],[-114.6038,28.9976],[-114.5916,28.9654],[-114.575,28.9792],[-114.5612,28.9804],[-114.5563,28.9703],[-114.5489,28.9515],[-114.5428,28.9344],[-114.5299,28.9255],[-114.5231,28.9254],[-114.5159,28.9297],[-114.5019,28.9326],[-114.4766,28.9291],[-114.4594,28.9107],[-114.4399,28.8946],[-114.4376,28.8775],[-114.4193,28.8785],[-114.4023,28.8602],[-114.4073,28.84],[-114.3916,28.8068],[-114.3709,28.8132],[-114.362,28.7951],[-114.3614,28.7778],[-114.348,28.7639],[-114.3469,28.7489],[-114.3469,28.7308],[-114.3141,28.7263],[-114.2983,28.7038],[-114.2753,28.6962],[-114.2717,28.6845],[-114.2692,28.6751],[-114.2731,28.6731],[-114.2718,28.6588],[-114.2462,28.6533],[-114.2353,28.6601],[-114.2078,28.6614],[-114.184,28.6619],[-114.1749,28.6577],[-114.1658,28.647],[-114.1573,28.6257],[-114.155,28.601],[-114.1576,28.5822],[-114.1601,28.5662],[-114.148,28.5608],[-114.1278,28.5626],[-114.1104,28.5618],[-114.0963,28.5519],[-114.0864,28.5412],[-114.0831,28.5321],[-114.0773,28.5238],[-114.0682,28.518],[-114.069,28.5041],[-114.0715,28.4869],[-114.0643,28.4794],[-114.0509,28.4742],[-114.0426,28.4584],[-114.0494,28.4326],[-114.0608,28.4047],[-114.0812,28.343],[-114.0993,28.3071],[-114.1106,28.2862],[-114.1186,28.2693],[-114.1249,28.2557],[-114.1174,28.2508],[-114.1099,28.2418],[-114.0988,28.2387],[-114.0889,28.2468],[-114.0782,28.2468],[-114.0699,28.2394],[-114.0649,28.2236],[-114.0616,28.2121],[-114.0575,28.2063],[-114.0699,28.1936],[-114.0787,28.1763],[-114.0902,28.1561],[-114.1057,28.1347],[-114.1104,28.1252],[-114.1131,28.1204],[-114.1057,28.1115],[-114.1017,28.099],[-114.101,28.0711],[-114.0997,28.0551],[-114.0855,28.0568],[-114.07,28.0551],[-114.0579,28.042],[-114.0465,28.0384],[-114.0377,28.0372],[-114.0397,28.0277],[-114.0552,28.0075],[-114.068,27.9957],[-114.0775,28.0093],[-114.0943,28.0242],[-114.1084,28.0307],[-114.1212,28.023],[-114.1232,28.0165],[-114.1179,28.0111],[-114.1071,28.0135],[-114.0956,27.9963],[-114.0916,27.9761],[-114.0943,27.9577],[-114.1064,27.928],[-114.13,27.9612],[-114.1306,27.9719],[-114.1387,27.9885],[-114.1508,28.0046],[-114.1495,28.0135],[-114.1461,28.0218],[-114.1354,28.0313],[-114.1172,28.0432],[-114.1138,28.0604],[-114.1199,28.086],[-114.1344,28.0839],[-114.1551,28.0624],[-114.1857,28.0227],[-114.207,28],[-114.2113,27.9954],[-114.227,27.9805],[-114.2336,27.9682],[-114.2535,27.9525],[-114.2617,27.9442],[-114.2705,27.9297],[-114.2738,27.9166],[-114.2765,27.9011],[-114.2677,27.8869],[-114.2567,27.8921],[-114.2477,27.9012],[-114.2394,27.9119],[-114.2204,27.9194],[-114.2088,27.9177],[-114.1981,27.9227],[-114.1906,27.9285],[-114.1824,27.931],[-114.1782,27.9384],[-114.1774,27.9459],[-114.1683,27.9508],[-114.1617,27.9492],[-114.1534,27.945],[-114.1542,27.9367],[-114.1584,27.9301],[-114.1542,27.9235],[-114.1484,27.9185],[-114.1393,27.9152],[-114.1352,27.9119],[-114.1369,27.9062],[-114.1435,27.9028],[-114.1509,27.8987],[-114.1493,27.8954],[-114.1444,27.8946],[-114.1352,27.8929],[-114.1311,27.8888],[-114.1344,27.8772],[-114.146,27.864],[-114.1617,27.845],[-114.1666,27.8342],[-114.1732,27.8268],[-114.1749,27.8161],[-114.1732,27.8037],[-114.1724,27.7888],[-114.1617,27.7746],[-114.1534,27.7656],[-114.146,27.7557],[-114.1427,27.7424],[-114.141,27.7309],[-114.1319,27.7235],[-114.1253,27.7143],[-114.1171,27.7094],[-114.1046,27.7077],[-114.0914,27.7119],[-114.0798,27.7193],[-114.0724,27.7251],[-114.0625,27.7251],[-114.0558,27.7209],[-114.0517,27.7201],[-114.0509,27.7268],[-114.0492,27.7325],[-114.0418,27.7325],[-114.0385,27.7392],[-114.0426,27.7507],[-114.0492,27.7598],[-114.0575,27.7648],[-114.0567,27.7755],[-114.0649,27.7904],[-114.0691,27.7995],[-114.0666,27.8037],[-114.0592,27.8012],[-114.05,27.7921],[-114.0451,27.7838],[-114.0369,27.7681],[-114.0253,27.7499],[-114.0211,27.7482],[-114.0153,27.749],[-114.0029,27.7507],[-113.9938,27.7499],[-113.9872,27.7565],[-113.9831,27.7573],[-113.9757,27.7524],[-113.974,27.7449],[-113.9691,27.7424],[-113.9591,27.7408],[-113.9442,27.7342],[-113.9401,27.7284],[-113.9294,27.7268],[-113.9186,27.7193],[-113.9145,27.7102],[-113.9178,27.697],[-113.931,27.6879],[-113.9359,27.6788],[-113.9425,27.6697],[-113.95,27.6597],[-113.9533,27.6557],[-113.9682,27.6548],[-113.9947,27.6589],[-114.012,27.6655],[-114.0203,27.6713],[-114.0211,27.6796],[-114.0302,27.6829],[-114.0426,27.6796],[-114.0467,27.6846],[-114.0484,27.6911],[-114.055,27.6945],[-114.0666,27.692],[-114.0749,27.6904],[-114.0798,27.6862],[-114.0782,27.6804],[-114.0716,27.6796],[-114.0649,27.6829],[-114.0633,27.6796],[-114.06,27.6763],[-114.0575,27.6697],[-114.05,27.6738],[-114.0434,27.668],[-114.0476,27.6531],[-114.0567,27.6415],[-114.074,27.6291],[-114.0749,27.6225],[-114.0823,27.6142],[-114.0939,27.6077],[-114.1029,27.6019],[-114.1055,27.6102],[-114.1029,27.6209],[-114.112,27.6209],[-114.1204,27.6259],[-114.1195,27.6358],[-114.1261,27.6433],[-114.1361,27.6573],[-114.1509,27.6697],[-114.1766,27.6796],[-114.1956,27.692],[-114.2237,27.697],[-114.2402,27.706],[-114.2617,27.7268],[-114.2824,27.7358],[-114.3048,27.7648],[-114.3122,27.7797],[-114.308,27.7895],[-114.3014,27.8019],[-114.2956,27.8177],[-114.2906,27.8334],[-114.2948,27.8524],[-114.2973,27.8607],[-114.2981,27.8681],[-114.3039,27.8723],[-114.3163,27.8747],[-114.3253,27.8747],[-114.3345,27.8698],[-114.3452,27.8632],[-114.3651,27.8508],[-114.3813,27.8365],[-114.394,27.8284],[-114.4048,27.8177],[-114.4329,27.8003],[-114.4635,27.7888],[-114.4991,27.7741],[-114.5306,27.7876],[-114.5714,27.7821],[-114.6045,27.7744],[-114.6383,27.7797],[-114.6696,27.7879],[-114.692,27.7878],[-114.709,27.7918],[-114.7189,27.7966],[-114.7236,27.8068],[-114.7398,27.8067],[-114.7645,27.8107],[-114.7861,27.8153],[-114.8192,27.809],[-114.84,27.8123],[-114.8478,27.8252],[-114.8686,27.8306],[-114.8841,27.8305],[-114.9234,27.8363],[-114.9665,27.8265],[-115.0143,27.8303],[-115.0229,27.8446],[-115.0415,27.8568],[-115.0559,27.8603],[-115.0838,27.8511],[-115.0568,27.8248],[-115.0529,27.8221],[-115.0495,27.8083],[-115.0463,27.7954],[-115.0346,27.7791],[-115.0336,27.7593],[-115.0227,27.7403],[-115.011,27.7281],[-115.0017,27.7159],[-114.9887,27.7269],[-114.9741,27.7241],[-114.951,27.7163],[-114.9393,27.7007],[-114.9322,27.6762],[-114.9121,27.6695],[-114.8998,27.6641],[-114.8975,27.6783],[-114.8924,27.6873],[-114.8866,27.6949],[-114.8724,27.6951],[-114.8616,27.6899],[-114.8533,27.6816],[-114.8476,27.6713],[-114.8445,27.6597],[-114.8489,27.6406],[-114.8581,27.6392],[-114.872,27.6493],[-114.8758,27.6438],[-114.8619,27.631],[-114.8557,27.6221],[-114.8449,27.6161],[-114.8388,27.6284],[-114.8304,27.6311],[-114.8057,27.621],[-114.7817,27.6028],[-114.7694,27.5747],[-114.7662,27.5694],[-114.7521,27.553],[-114.7489,27.5473],[-114.7342,27.5213],[-114.7158,27.5219],[-114.6811,27.5076],[-114.6319,27.4888],[-114.5966,27.4772],[-114.5811,27.4508],[-114.5633,27.4486],[-114.5378,27.4339],[-114.5292,27.4269],[-114.5065,27.4062],[-114.4916,27.3627],[-114.4844,27.3243],[-114.4869,27.2816],[-114.4875,27.2381],[-114.4759,27.2177],[-114.4634,27.2225],[-114.4445,27.2144],[-114.4298,27.2089],[-114.4305,27.1979],[-114.4283,27.1881],[-114.4351,27.1764],[-114.4214,27.1665],[-114.3951,27.1829],[-114.3508,27.1658],[-114.3202,27.1455],[-114.294,27.1255],[-114.2903,27.1465],[-114.2741,27.1489],[-114.2366,27.1533],[-114.2092,27.1423],[-114.182,27.1396],[-114.147,27.1235],[-114.1144,27.1055],[-114.0844,27.0757],[-114.0636,27.0508],[-114.0495,27.018],[-114.0052,26.9774],[-113.9939,26.9718],[-113.9841,26.9763],[-113.9735,26.9802],[-113.9747,26.9935],[-113.9598,26.998],[-113.9099,26.9923],[-113.8787,26.9835],[-113.8512,26.9679],[-113.8164,26.949],[-113.7915,26.92],[-113.7541,26.8606],[-113.7373,26.8287],[-113.734,26.8138],[-113.7252,26.8],[-113.6658,26.7694],[-113.6371,26.7255],[-113.5977,26.7096],[-113.5741,26.705],[-113.5548,26.7182],[-113.543,26.7192],[-113.5423,26.7421],[-113.5265,26.7536],[-113.5183,26.7694],[-113.5039,26.7934],[-113.471,26.8046],[-113.4482,26.8045],[-113.4196,26.8058],[-113.401,26.8027],[-113.364,26.7951],[-113.3253,26.7768],[-113.2858,26.7496],[-113.2705,26.7525],[-113.2654,26.76],[-113.2638,26.7742],[-113.2629,26.7858],[-113.2646,26.7941],[-113.2638,26.8023],[-113.2638,26.8115],[-113.258,26.8247],[-113.2447,26.8371],[-113.2324,26.8293],[-113.2042,26.8535],[-113.1964,26.8835],[-113.1925,26.9451],[-113.1794,26.9669],[-113.1638,26.9748],[-113.1457,26.9701],[-113.1314,26.9551],[-113.1262,26.9379],[-113.1246,26.8863],[-113.1315,26.8759],[-113.1373,26.8577],[-113.1464,26.847],[-113.1604,26.8395],[-113.1695,26.8271],[-113.1811,26.8148],[-113.1893,26.809],[-113.2042,26.7999],[-113.2125,26.7924],[-113.2315,26.7916],[-113.2381,26.7866],[-113.2315,26.7808],[-113.2298,26.7668],[-113.224,26.7552],[-113.2158,26.7445],[-113.2059,26.7387],[-113.1926,26.7436],[-113.1918,26.7511],[-113.196,26.7602],[-113.1852,26.7626],[-113.1703,26.7651],[-113.167,26.7775],[-113.1637,26.7891],[-113.1496,26.7949],[-113.1364,26.799],[-113.1282,26.7982],[-113.119,26.7941],[-113.1256,26.7891],[-113.1405,26.7817],[-113.1431,26.7701],[-113.1431,26.7577],[-113.1373,26.747],[-113.1265,26.7304],[-113.1158,26.7172],[-113.1034,26.7089],[-113.0876,26.6899],[-113.0769,26.675],[-113.0636,26.6568],[-113.057,26.6502],[-113.0562,26.6395],[-113.0604,26.6287],[-113.0589,26.6119],[-113.0607,26.5991],[-113.044,26.5855],[-113.0181,26.5643],[-113.0037,26.5498],[-112.987,26.5434],[-112.9678,26.5444],[-112.9622,26.5434],[-112.9586,26.5402],[-112.9571,26.5355],[-112.9565,26.5312],[-112.956,26.5291],[-112.9534,26.5185],[-112.903,26.4932],[-112.8629,26.4634],[-112.8304,26.4353],[-112.8053,26.4177],[-112.7861,26.4047],[-112.7551,26.3871],[-112.7284,26.3702],[-112.6891,26.3227],[-112.6763,26.3193],[-112.6336,26.3211],[-112.6171,26.3197],[-112.6128,26.3163],[-112.6049,26.298],[-112.5902,26.2878],[-112.5734,26.293],[-112.56,26.3011],[-112.5546,26.2909],[-112.5558,26.2764],[-112.5568,26.2724],[-112.4983,26.235],[-112.4813,26.2381],[-112.4726,26.2479],[-112.4653,26.2581],[-112.453,26.2629],[-112.4427,26.2607],[-112.4027,26.2402],[-112.3791,26.2203],[-112.3435,26.1781],[-112.3212,26.131],[-112.3129,26.102],[-112.3087,26.0698],[-112.2929,26.0497],[-112.2641,26.0541],[-112.2385,26.0408],[-112.2202,26.0153],[-112.1983,25.9951],[-112.1789,25.9552],[-112.1597,25.8905],[-112.1396,25.8575],[-112.131,25.8165],[-112.1087,25.7841],[-112.1019,25.728],[-112.0998,25.5952],[-112.104,25.5388],[-112.1051,25.5157],[-112.1041,25.5042],[-112.0964,25.5107],[-112.0923,25.5493],[-112.087,25.5932],[-112.0885,25.6989],[-112.0895,25.7154],[-112.0814,25.7207],[-112.076,25.7134],[-112.071,25.684],[-112.0631,25.6253],[-112.0647,25.5917],[-112.0721,25.5713],[-112.067,25.5502],[-112.0636,25.5133],[-112.0626,25.4947],[-112.0749,25.4866],[-112.0844,25.481],[-112.0794,25.4711],[-112.0673,25.4757],[-112.0425,25.4776],[-112.0308,25.4736],[-112.0484,25.4664],[-112.0743,25.4565],[-112.0831,25.444],[-112.0707,25.4413],[-112.0707,25.4337],[-112.0726,25.4166],[-112.081,25.4077],[-112.0869,25.3906],[-112.0862,25.3777],[-112.0742,25.3727],[-112.0747,25.3441],[-112.0767,25.2904],[-112.0779,25.2587],[-112.0841,25.2436],[-112.0998,25.2241],[-112.1177,25.1994],[-112.1306,25.172],[-112.1384,25.1443],[-112.1402,25.1259],[-112.1355,25.1107],[-112.1381,25.1005],[-112.1425,25.086],[-112.1327,25.08],[-112.1324,25.0734],[-112.1222,25.0734],[-112.1208,25.0622],[-112.1281,25.0464],[-112.1234,25.0383],[-112.1307,25.0093],[-112.1424,24.9905],[-112.149,24.9796],[-112.1418,24.9704],[-112.1472,24.9611],[-112.1603,24.9595],[-112.1658,24.9539],[-112.1633,24.9427],[-112.1622,24.9391],[-112.1539,24.9318],[-112.1576,24.9074],[-112.1609,24.8933],[-112.1558,24.8754],[-112.1449,24.8741],[-112.1336,24.8899],[-112.123,24.9093],[-112.1313,24.9272],[-112.1373,24.9461],[-112.1298,24.9591],[-112.1196,24.9706],[-112.1202,24.9881],[-112.1104,25.0026],[-112.1042,25.0079],[-112.0969,24.9996],[-112.0961,24.9914],[-112.0937,24.9802],[-112.0839,24.9669],[-112.0824,24.9603],[-112.0862,24.9533],[-112.0995,24.9448],[-112.1035,24.9404],[-112.1039,24.9322],[-112.1007,24.9273],[-112.0968,24.9235],[-112.0902,24.9012],[-112.0958,24.8938],[-112.1134,24.8789],[-112.1242,24.874],[-112.1169,24.8571],[-112.111,24.8543],[-112.1035,24.853],[-112.0977,24.8466],[-112.0958,24.836],[-112.0977,24.8057],[-112.0943,24.7872],[-112.088,24.7734],[-112.0781,24.7622],[-112.0636,24.7517],[-112.0431,24.7535],[-112.0475,24.7651],[-112.0493,24.7858],[-112.0545,24.8171],[-112.0513,24.8301],[-112.0356,24.8404],[-112.0299,24.8298],[-112.0293,24.8202],[-112.0338,24.812],[-112.0431,24.8057],[-112.0253,24.7556],[-112.0116,24.7394],[-111.9947,24.7579],[-111.9901,24.7485],[-111.9836,24.7428],[-111.9757,24.7412],[-111.9667,24.7442],[-111.9724,24.7488],[-111.9827,24.7602],[-111.9884,24.7647],[-111.9725,24.7757],[-111.9667,24.7783],[-111.9877,24.7967],[-111.9958,24.8194],[-111.9998,24.8456],[-112.0084,24.8746],[-111.9957,24.8658],[-111.9847,24.8472],[-111.977,24.826],[-111.9742,24.8094],[-111.9681,24.7944],[-111.9528,24.7748],[-111.9329,24.7562],[-111.9129,24.7438],[-111.9122,24.7366],[-111.916,24.7335],[-111.9382,24.7483],[-111.9416,24.7442],[-111.9292,24.7305],[-111.9063,24.7136],[-111.8859,24.6896],[-111.8661,24.6692],[-111.8489,24.6537],[-111.8347,24.6214],[-111.8149,24.5699],[-111.819,24.5452],[-111.821,24.534],[-111.8197,24.5164],[-111.8129,24.5059],[-111.8013,24.5128],[-111.7915,24.5174],[-111.7811,24.5124],[-111.7617,24.5152],[-111.7825,24.5277],[-111.8031,24.5465],[-111.7883,24.5422],[-111.7655,24.5385],[-111.7487,24.5422],[-111.7372,24.5467],[-111.726,24.5393],[-111.6988,24.5356],[-111.6859,24.5569],[-111.6952,24.5715],[-111.6956,24.5871],[-111.679,24.5863],[-111.6678,24.5765],[-111.6471,24.5625],[-111.6343,24.5478],[-111.6457,24.5481],[-111.6535,24.5522],[-111.6494,24.5417],[-111.6291,24.5085],[-111.6194,24.4731],[-111.5956,24.4422],[-111.5654,24.4192],[-111.5417,24.4155],[-111.5226,24.4046],[-111.4864,24.3742],[-111.4781,24.3548],[-111.4607,24.3432],[-111.4449,24.3396],[-111.4123,24.3253],[-111.3744,24.3059],[-111.3597,24.2903],[-111.4373,24.3274],[-111.4496,24.3301],[-111.4444,24.3244],[-111.2808,24.243],[-111.2274,24.2175],[-111.1742,24.181],[-111.1388,24.1634],[-111.1077,24.1474],[-111.0827,24.1308],[-111.0397,24.1042],[-111.0166,24.0852],[-111.01,24.0714],[-110.9872,24.0573],[-110.9538,24.0308],[-110.9317,24.015],[-110.8945,23.9764],[-110.8833,23.9665],[-110.8809,23.9537],[-110.8696,23.9518],[-110.8516,23.9404],[-110.8158,23.9087],[-110.7533,23.8391],[-110.6475,23.7339],[-110.5773,23.6816],[-110.524,23.6585],[-110.4044,23.6086],[-110.3539,23.5808],[-110.3074,23.541],[-110.2778,23.4882],[-110.2668,23.4783],[-110.2346,23.4261],[-110.2295,23.4071],[-110.216,23.3939],[-110.2096,23.3784],[-110.1857,23.3401],[-110.1782,23.3302],[-110.1673,23.3211],[-110.1605,23.2921],[-110.1516,23.2263],[-110.1076,23.0755],[-110.1068,23.0482],[-110.0984,23.0176],[-110.0899,23.0109],[-110.0819,22.9902],[-110.0784,22.9807],[-110.06,22.9508],[-110.0434,22.9319],[-110.0275,22.9162],[-109.9997,22.8944],[-109.9784,22.8818],[-109.9656,22.8781],[-109.9545,22.8722],[-109.9345,22.8723],[-109.8954,22.8742],[-109.9029,22.8817],[-109.9017,22.8897],[-109.885,22.8972],[-109.8591,22.8978],[-109.8511,22.9],[-109.8367,22.9099],[-109.8242,22.9199],[-109.806,22.9361],[-109.8034,22.9561],[-109.7586,22.9845],[-109.7315,22.9875],[-109.7124,23.0078],[-109.7172,23.0168],[-109.7132,23.0311],[-109.6945,23.0408],[-109.6721,23.0561],[-109.6271,23.0714],[-109.6076,23.0812],[-109.5771,23.0817],[-109.5661,23.095],[-109.5317,23.1082],[-109.5259,23.1216],[-109.5162,23.1253],[-109.5049,23.1449],[-109.4942,23.1517],[-109.4748,23.178],[-109.463,23.1948],[-109.4538,23.2023],[-109.4516,23.2134],[-109.4422,23.2306],[-109.4377,23.2404],[-109.4367,23.2504],[-109.4384,23.2713],[-109.4377,23.2813],[-109.4337,23.285],[-109.4256,23.2972],[-109.426,23.3127],[-109.4238,23.3352],[-109.4272,23.3459],[-109.4264,23.3637],[-109.4286,23.3744],[-109.4167,23.3811],[-109.4136,23.3917],[-109.4143,23.4059],[-109.4271,23.4099],[-109.4278,23.423],[-109.4232,23.4394],[-109.4263,23.4585],[-109.4437,23.4746],[-109.4684,23.5039],[-109.4779,23.5254],[-109.4768,23.539],[-109.468,23.5481],[-109.468,23.5551],[-109.4765,23.5602],[-109.4987,23.5642],[-109.5144,23.5705],[-109.5174,23.5826],[-109.524,23.5881],[-109.5411,23.5914],[-109.5667,23.597],[-109.5774,23.601],[-109.5851,23.6092],[-109.6087,23.62],[-109.6218,23.622],[-109.636,23.6262],[-109.6426,23.6332],[-109.6601,23.6401],[-109.6798,23.6482],[-109.6963,23.6655],[-109.6942,23.689],[-109.7045,23.7243],[-109.7113,23.749],[-109.7103,23.7752],[-109.6984,23.7984],[-109.7118,23.8078],[-109.7219,23.8263],[-109.7409,23.8425],[-109.7728,23.8776],[-109.7858,23.8822],[-109.7936,23.8887],[-109.7974,23.8915],[-109.8048,23.8976],[-109.8086,23.9025],[-109.8154,23.9058],[-109.824,23.9104],[-109.83,23.919],[-109.8373,23.9381],[-109.8391,23.9518],[-109.8363,23.9617],[-109.8322,23.9778],[-109.8331,23.9857],[-109.8307,23.9893],[-109.8249,23.9891],[-109.8112,24.0013],[-109.8097,24.0102],[-109.8049,24.0137],[-109.8034,24.0221],[-109.8111,24.0323],[-109.8218,24.0379],[-109.8255,24.0469],[-109.8274,24.057],[-109.8283,24.0628],[-109.8353,24.0599],[-109.8529,24.051],[-109.8903,24.0375],[-109.9314,24.0293],[-109.9529,24.0379],[-109.9742,24.0386],[-109.9877,24.0463],[-109.9886,24.0657],[-109.9939,24.1107],[-109.9983,24.1154],[-109.9966,24.1286],[-110.0026,24.1371],[-110.007,24.1588],[-110.0181,24.1693],[-110.0317,24.1771],[-110.0463,24.1856],[-110.0589,24.1906],[-110.0626,24.1981],[-110.0734,24.201],[-110.0771,24.2086],[-110.0839,24.2125],[-110.0872,24.2158],[-110.1004,24.2172],[-110.1174,24.2261],[-110.1259,24.2279],[-110.1359,24.2377],[-110.146,24.2459],[-110.1728,24.253],[-110.1765,24.2604],[-110.1837,24.2696],[-110.1839,24.2796],[-110.1922,24.2904],[-110.2,24.2969],[-110.2114,24.3004],[-110.2197,24.3102],[-110.2308,24.3132],[-110.2364,24.3202],[-110.2353,24.3322],[-110.2288,24.3357],[-110.2326,24.3432],[-110.2462,24.3504],[-110.2499,24.3458],[-110.2762,24.3508],[-110.297,24.3519],[-110.3013,24.3436],[-110.3091,24.3376],[-110.3236,24.3354],[-110.3325,24.3288],[-110.3292,24.3234],[-110.3212,24.3206],[-110.3248,24.316],[-110.3393,24.3159],[-110.336,24.3105],[-110.3381,24.3016],[-110.3342,24.2963],[-110.3386,24.2869],[-110.3347,24.2811],[-110.339,24.2749],[-110.3363,24.2559],[-110.3299,24.2573],[-110.3278,24.2677],[-110.3221,24.2655],[-110.3208,24.2565],[-110.3216,24.2486],[-110.3246,24.245],[-110.3183,24.2412],[-110.3099,24.2373],[-110.3107,24.2284],[-110.3122,24.2184],[-110.3008,24.217],[-110.3061,24.1767],[-110.3241,24.1573],[-110.343,24.1431],[-110.3472,24.1396],[-110.3486,24.1323],[-110.3495,24.1223],[-110.3504,24.1145],[-110.3609,24.1111],[-110.3706,24.1135],[-110.3927,24.1062],[-110.4168,24.1086],[-110.4228,24.1203],[-110.4173,24.128],[-110.421,24.1365],[-110.4294,24.1452],[-110.4254,24.1603],[-110.4338,24.1679],[-110.4324,24.1736],[-110.4038,24.1675],[-110.3789,24.1547],[-110.3693,24.1497],[-110.3524,24.155],[-110.3378,24.1608],[-110.3271,24.1695],[-110.3252,24.1757],[-110.3302,24.1772],[-110.3494,24.1767],[-110.4021,24.1755],[-110.4529,24.1826],[-110.4857,24.1901],[-110.5116,24.1957],[-110.5396,24.204],[-110.5624,24.2125],[-110.565,24.2199],[-110.5769,24.2255],[-110.581,24.2403],[-110.598,24.2471],[-110.6099,24.2537],[-110.6151,24.2691],[-110.6284,24.2847],[-110.6415,24.3092],[-110.6384,24.3149],[-110.6537,24.3231],[-110.6552,24.329],[-110.6818,24.3607],[-110.6786,24.3732],[-110.6835,24.3817],[-110.6815,24.3906],[-110.6864,24.3981],[-110.6936,24.4077],[-110.6887,24.4155],[-110.6925,24.424],[-110.6921,24.4355],[-110.6844,24.4443],[-110.6857,24.4542],[-110.6872,24.466],[-110.7217,24.5048],[-110.7289,24.516],[-110.7286,24.5223],[-110.7349,24.5445],[-110.7386,24.5546],[-110.7326,24.5607],[-110.7352,24.5702],[-110.7398,24.5882],[-110.7388,24.6013],[-110.7393,24.6213],[-110.733,24.6384],[-110.7293,24.6625],[-110.7235,24.6812],[-110.7091,24.6976],[-110.694,24.6999],[-110.6884,24.7102],[-110.691,24.7192],[-110.6872,24.7307],[-110.6791,24.7478],[-110.6645,24.7647],[-110.6639,24.7757],[-110.6603,24.7892],[-110.6617,24.793],[-110.6607,24.7997],[-110.657,24.8069],[-110.6588,24.8091],[-110.6615,24.8088],[-110.6642,24.811],[-110.6652,24.8163],[-110.6673,24.823],[-110.6737,24.8298],[-110.6742,24.8368],[-110.6747,24.8431],[-110.6788,24.8499],[-110.6843,24.8571],[-110.6829,24.8654],[-110.6843,24.8683],[-110.688,24.875],[-110.6875,24.8799],[-110.6839,24.883],[-110.6907,24.887],[-110.6905,24.8919],[-110.7045,24.9017],[-110.7043,24.907],[-110.7085,24.9088],[-110.7057,24.9115],[-110.7002,24.9128],[-110.6986,24.9145],[-110.7016,24.9174],[-110.7054,24.921],[-110.7108,24.9204],[-110.7192,24.9242],[-110.7182,24.9301],[-110.7279,24.9409],[-110.7345,24.9523],[-110.7472,24.9638],[-110.7488,24.9739],[-110.7492,24.9873],[-110.7511,24.9937],[-110.7583,24.9972],[-110.7573,25.0035],[-110.7597,25.0065],[-110.7578,25.0122],[-110.7795,25.0265],[-110.7834,25.0327],[-110.7905,25.0368],[-110.7938,25.0344],[-110.7945,25.0306],[-110.8021,25.0314],[-110.8142,25.0332],[-110.8217,25.041],[-110.8267,25.048],[-110.8236,25.0583],[-110.8295,25.0647],[-110.8464,25.0689],[-110.8475,25.0737],[-110.8616,25.0792],[-110.864,25.0929],[-110.8679,25.0989],[-110.8681,25.1052],[-110.8737,25.1105],[-110.8752,25.115],[-110.8742,25.119],[-110.881,25.124],[-110.8801,25.1265],[-110.8934,25.1317],[-110.9045,25.143],[-110.9109,25.1602],[-110.9127,25.1779],[-110.9061,25.1822],[-110.9084,25.1867],[-110.9152,25.192],[-110.9228,25.2103],[-110.932,25.2153],[-110.94,25.2343],[-110.9385,25.2458],[-110.9459,25.2551],[-110.9473,25.2618],[-110.9425,25.2736],[-110.9385,25.2731],[-110.9347,25.2778],[-110.9385,25.2842],[-110.9368,25.289],[-110.9343,25.2911],[-110.9407,25.2938],[-110.9475,25.298],[-110.9468,25.3054],[-110.9435,25.3076],[-110.9474,25.3154],[-110.9566,25.3227],[-110.9558,25.3284],[-110.972,25.3352],[-110.9795,25.3424],[-110.9823,25.3594],[-110.9967,25.3826],[-111.0009,25.3927],[-111.0038,25.4167],[-111.0134,25.424],[-111.0203,25.4407],[-111.0254,25.4472],[-111.0263,25.4586],[-111.0192,25.4617],[-111.0205,25.4729],[-111.0147,25.4775],[-111.0149,25.4838],[-111.0222,25.4987],[-111.0146,25.5059],[-111.0193,25.5153],[-111.0319,25.5177],[-111.0355,25.5208],[-111.0391,25.5209],[-111.0417,25.5161],[-111.0487,25.5163],[-111.0542,25.5209],[-111.0592,25.5196],[-111.0634,25.5152],[-111.0719,25.5173],[-111.0739,25.5217],[-111.0675,25.5297],[-111.0695,25.5324],[-111.0766,25.5248],[-111.0962,25.526],[-111.0998,25.5294],[-111.1036,25.5254],[-111.1138,25.5257],[-111.1239,25.5303],[-111.129,25.5393],[-111.1378,25.5443],[-111.1451,25.5588],[-111.1457,25.5662],[-111.1509,25.5704],[-111.164,25.5733],[-111.1724,25.595],[-111.1832,25.6026],[-111.1917,25.6148],[-111.1966,25.6304],[-111.2,25.6393],[-111.2004,25.654],[-111.2069,25.6682],[-111.2123,25.6827],[-111.2152,25.695],[-111.2125,25.7016],[-111.225,25.7244],[-111.232,25.7238],[-111.2366,25.7198],[-111.2443,25.7233],[-111.2473,25.7311],[-111.2556,25.7417],[-111.2629,25.7459],[-111.2783,25.7507],[-111.2894,25.7642],[-111.3023,25.7715],[-111.3071,25.7792],[-111.3093,25.7893],[-111.3107,25.801],[-111.3144,25.8151],[-111.3154,25.82],[-111.3069,25.8174],[-111.3057,25.8122],[-111.3011,25.8079],[-111.2968,25.8075],[-111.2919,25.8123],[-111.2975,25.8165],[-111.3002,25.8211],[-111.3087,25.8313],[-111.3157,25.8362],[-111.3178,25.8336],[-111.3234,25.8326],[-111.331,25.8374],[-111.3339,25.8659],[-111.3389,25.8731],[-111.3325,25.8849],[-111.3358,25.8994],[-111.339,25.9084],[-111.3494,25.9261],[-111.3551,25.9448],[-111.3603,25.9641],[-111.3473,25.9746],[-111.3373,25.9877],[-111.3375,26.0129],[-111.3449,26.0288],[-111.3403,26.0389],[-111.3278,26.048],[-111.3257,26.059],[-111.3195,26.0636],[-111.3183,26.0737],[-111.3232,26.0864],[-111.322,26.0982],[-111.3418,26.1104],[-111.3509,26.1263],[-111.3592,26.1438],[-111.3587,26.1626],[-111.3645,26.1761],[-111.3757,26.1835],[-111.3797,26.2001],[-111.3758,26.2126],[-111.3875,26.2348],[-111.3882,26.2427],[-111.3974,26.2522],[-111.3932,26.278],[-111.3819,26.2771],[-111.3848,26.2999],[-111.3879,26.3142],[-111.3937,26.33],[-111.4064,26.3444],[-111.423,26.3504],[-111.4324,26.3609],[-111.4331,26.368],[-111.4228,26.3718],[-111.4238,26.3772],[-111.4285,26.3826],[-111.4381,26.386],[-111.4616,26.4001],[-111.4689,26.4195],[-111.4664,26.4401],[-111.4682,26.4664],[-111.4557,26.4864],[-111.4545,26.5055],[-111.4489,26.5139],[-111.4422,26.5175],[-111.4558,26.5248],[-111.461,26.5297],[-111.4602,26.5377],[-111.4728,26.5358],[-111.4747,26.531],[-111.4824,26.5285],[-111.5037,26.5331],[-111.5246,26.5406],[-111.5489,26.5486],[-111.5648,26.558],[-111.5691,26.5762],[-111.563,26.6258],[-111.566,26.6493],[-111.5643,26.6712],[-111.5601,26.6957],[-111.5701,26.7007],[-111.5723,26.7076],[-111.5847,26.7121],[-111.6084,26.7211],[-111.6083,26.7265],[-111.6231,26.7332],[-111.6259,26.7397],[-111.6478,26.7465],[-111.6489,26.7529],[-111.6565,26.7589],[-111.6628,26.7687],[-111.6673,26.7806],[-111.6801,26.7788],[-111.7211,26.8063],[-111.7291,26.8224],[-111.7452,26.8441],[-111.7681,26.8627],[-111.7924,26.8754],[-111.7951,26.884],[-111.8181,26.8962],[-111.8266,26.8905],[-111.834,26.8832],[-111.8514,26.8803],[-111.8522,26.8739],[-111.8451,26.8679],[-111.846,26.8567],[-111.8401,26.8496],[-111.8367,26.8432],[-111.8369,26.8346],[-111.8316,26.8286],[-111.8236,26.8205],[-111.8287,26.8083],[-111.8233,26.7922],[-111.8222,26.7788],[-111.8167,26.7665],[-111.817,26.7392],[-111.8136,26.7311],[-111.8162,26.7226],[-111.8146,26.7146],[-111.8074,26.7155],[-111.7941,26.6901],[-111.7669,26.6762],[-111.7571,26.6594],[-111.7429,26.6528],[-111.7146,26.6297],[-111.6924,26.603],[-111.6801,26.5937],[-111.6768,26.5819],[-111.7146,26.5515],[-111.7358,26.5397],[-111.7618,26.5536],[-111.7843,26.5718],[-111.7982,26.6126],[-111.8117,26.629],[-111.8246,26.6399],[-111.8431,26.6452],[-111.8471,26.6554],[-111.8486,26.6639],[-111.853,26.6773],[-111.8635,26.6931],[-111.886,26.7112],[-111.9001,26.7146],[-111.9052,26.7343],[-111.8902,26.7629],[-111.8776,26.7563],[-111.8768,26.7665],[-111.8724,26.7765],[-111.8614,26.7838],[-111.8607,26.7902],[-111.8634,26.8052],[-111.8707,26.8281],[-111.91,26.8589],[-111.9156,26.8782],[-111.9417,26.8867],[-111.9518,26.8922],[-111.9574,26.911],[-111.9714,26.928],[-111.9739,26.9369],[-111.9834,26.9409],[-112.0015,26.9522],[-112.0172,26.9785],[-112.0147,26.9985],[-112.012,27.0145],[-112.0031,27.0357],[-111.9866,27.056],[-111.9702,27.068],[-111.9576,27.0645],[-111.9443,27.0696],[-111.9465,27.0793],[-111.9517,27.0853],[-111.9504,27.0933],[-111.9599,27.0956],[-111.9936,27.0962],[-112.0112,27.1168],[-112.0543,27.124],[-112.0644,27.1285],[-112.0679,27.1339],[-112.0889,27.1316],[-112.1145,27.1421],[-112.134,27.1601],[-112.1549,27.162],[-112.1649,27.1668],[-112.1697,27.1756],[-112.1814,27.187],[-112.1944,27.199],[-112.2128,27.2105],[-112.2114,27.2185],[-112.2077,27.2259],[-112.2028,27.2306],[-112.1956,27.2501],[-112.207,27.2611],[-112.2177,27.2834],[-112.2302,27.2911],[-112.2361,27.3147],[-112.2417,27.3266],[-112.258,27.3306],[-112.2652,27.342],[-112.2708,27.3576],[-112.287,27.3658],[-112.2973,27.3811],[-112.3019,27.3929],[-112.299,27.4051],[-112.3095,27.4223],[-112.3206,27.4438],[-112.319,27.4593],[-112.3238,27.4946],[-112.333,27.5166],[-112.3532,27.5339],[-112.3547,27.5473],[-112.3731,27.5641],[-112.4034,27.5806],[-112.4183,27.5899],[-112.4561,27.5978],[-112.4668,27.606],[-112.4787,27.614],[-112.4852,27.62],[-112.4978,27.6244],[-112.5158,27.629],[-112.5283,27.6367],[-112.544,27.6408],[-112.5667,27.6414],[-112.598,27.6543],[-112.5996,27.6666],[-112.6211,27.6781],[-112.6232,27.6873],[-112.6327,27.6943],[-112.6368,27.704],[-112.6433,27.7105],[-112.6488,27.7105],[-112.6578,27.7085],[-112.6632,27.715],[-112.6703,27.7177],[-112.6789,27.7286],[-112.6929,27.7426],[-112.7035,27.755],[-112.7088,27.7673],[-112.7056,27.7774],[-112.7151,27.7839],[-112.7161,27.8005],[-112.713,27.8063],[-112.7195,27.8192],[-112.7194,27.8262],[-112.7242,27.8273],[-112.7254,27.8225],[-112.7386,27.8296],[-112.7428,27.8374],[-112.7584,27.8461],[-112.7732,27.8639],[-112.7687,27.8804],[-112.7668,27.8906],[-112.7619,27.8937],[-112.763,27.9012],[-112.7617,27.9076],[-112.7622,27.92],[-112.7661,27.9381],[-112.7573,27.963],[-112.7566,27.9684],[-112.7612,27.9844],[-112.7604,27.9978],[-112.7688,28.0021],[-112.7857,28.0029],[-112.7994,28.0174],[-112.8054,28.0321],[-112.8037,28.0457],[-112.797,28.058],[-112.7896,28.0675],[-112.7912,28.0782],[-112.7984,28.0815],[-112.8014,28.0858],[-112.8118,28.1205],[-112.8077,28.1509],[-112.8039,28.1626],[-112.799,28.1684],[-112.7957,28.1839],[-112.7938,28.1903],[-112.7865,28.1961],[-112.7918,28.2015],[-112.8003,28.2037],[-112.805,28.2107],[-112.8378,28.2436],[-112.8392,28.2524],[-112.8531,28.26],[-112.865,28.2718],[-112.8721,28.2837],[-112.8689,28.2997],[-112.8743,28.3079],[-112.8703,28.3308],[-112.854,28.3685],[-112.8495,28.3823],[-112.8542,28.3979],[-112.8584,28.4038],[-112.8515,28.4171],[-112.8447,28.4224],[-112.8471,28.4304],[-112.8463,28.4411],[-112.8579,28.4412],[-112.8622,28.4349],[-112.8678,28.4323],[-112.8799,28.4346],[-112.8817,28.4373],[-112.8755,28.4452],[-112.876,28.4505],[-112.8869,28.456],[-112.8856,28.4634],[-112.9024,28.4753],[-112.9305,28.4666],[-112.9713,28.4563],[-113.0016,28.4556],[-113.0361,28.4666],[-113.0396,28.4762],[-113.0632,28.4797],[-113.0807,28.4868],[-113.0825,28.4932],[-113.103,28.5046],[-113.1143,28.5281],[-113.1117,28.5457],[-113.1163,28.5655],[-113.121,28.5789],[-113.1316,28.6046],[-113.127,28.6279],[-113.1324,28.6413],[-113.156,28.6576],[-113.1699,28.6915],[-113.1759,28.7135],[-113.182,28.7157],[-113.1942,28.744],[-113.1904,28.7595],[-113.1914,28.7728],[-113.1999,28.7798],[-113.196,28.7921],[-113.2027,28.7985],[-113.2118,28.8029],[-113.2142,28.8173],[-113.2203,28.8248],[-113.2341,28.8356],[-113.2604,28.8401],[-113.2685,28.8322],[-113.2854,28.8259],[-113.291,28.819],[-113.302,28.809],[-113.31,28.8021],[-113.3325,28.8006],[-113.3545,28.8003],[-113.3518,28.8184],[-113.3653,28.8238],[-113.3706,28.8372],[-113.3675,28.8452],[-113.3673,28.8585],[-113.366,28.8687],[-113.3592,28.8739],[-113.3683,28.8777],[-113.3725,28.8863],[-113.3804,28.8933],[-113.3791,28.9002],[-113.3681,28.9018],[-113.3674,28.9071],[-113.3942,28.9131],[-113.391,28.9286],[-113.3867,28.9307],[-113.383,28.9355],[-113.3879,28.9398],[-113.4056,28.933],[-113.4063,28.9271],[-113.4131,28.9223],[-113.4288,28.9347],[-113.4262,28.9491],[-113.4347,28.9599],[-113.4402,28.9513],[-113.4501,28.9423],[-113.4622,28.9467],[-113.4732,28.9478],[-113.4787,28.9462],[-113.483,28.9393],[-113.4806,28.9334],[-113.488,28.9303],[-113.4831,28.9217],[-113.4722,28.9152],[-113.479,28.9019],[-113.4772,28.8982],[-113.4815,28.8934],[-113.5048,28.8893],[-113.5249,28.8916],[-113.526,28.9012],[-113.5339,28.9066],[-113.5405,28.9205],[-113.5465,28.9333],[-113.5579,28.9483],[-113.5555,28.9553],[-113.5469,28.959],[-113.545,28.9755],[-113.5497,28.9932],[-113.5619,29.0001],[-113.5636,29.014],[-113.5617,29.0237],[-113.5562,29.028],[-113.55,29.0386],[-113.5396,29.0396],[-113.5359,29.0514],[-113.5474,29.0654],[-113.5643,29.0916],[-113.5709,29.1152],[-113.5794,29.1264],[-113.5911,29.1291],[-113.6021,29.1409],[-113.6085,29.1543],[-113.6084,29.1634],[-113.614,29.1624],[-113.6244,29.1624],[-113.6249,29.1699],[-113.6285,29.1753],[-113.6322,29.1737],[-113.6414,29.1838],[-113.6383,29.1986],[-113.6461,29.202],[-113.6553,29.2073],[-113.6566,29.2184],[-113.6473,29.228],[-113.6385,29.2405],[-113.6231,29.2527],[-113.6249,29.2586],[-113.6316,29.264],[-113.6363,29.2822],[-113.6485,29.294],[-113.6808,29.316],[-113.7709,29.4078],[-113.7874,29.4148],[-113.7966,29.4164],[-113.8039,29.4244],[-113.8131,29.4282],[-113.8248,29.4299],[-113.8327,29.4352],[-113.8319,29.4502],[-113.8387,29.4566],[-113.8503,29.4588],[-113.865,29.4637],[-113.8803,29.4771],[-113.8975,29.4857],[-113.9109,29.5006],[-113.9225,29.5124],[-113.9305,29.5202],[-113.9431,29.5248],[-113.952,29.5388],[-113.9581,29.5402],[-113.9655,29.5467],[-113.9742,29.5569],[-113.9813,29.5679],[-113.9943,29.577],[-114.0056,29.5767],[-114.0149,29.578],[-114.0225,29.5813],[-114.023,29.5842],[-114.0277,29.5873],[-114.0304,29.5932],[-114.0326,29.5944],[-114.0463,29.5964],[-114.0504,29.6052],[-114.0564,29.6121],[-114.0594,29.6167],[-114.0627,29.6293],[-114.0822,29.641],[-114.0902,29.6424],[-114.0974,29.648],[-114.1112,29.6531],[-114.1124,29.6561],[-114.1187,29.663],[-114.1266,29.6704],[-114.132,29.6709],[-114.1326,29.6766],[-114.1413,29.6828],[-114.1426,29.6907],[-114.1504,29.694],[-114.1523,29.6926],[-114.1578,29.6904],[-114.1606,29.6923],[-114.1649,29.7002],[-114.1701,29.7023],[-114.1754,29.7047],[-114.1789,29.7076],[-114.1817,29.7095],[-114.1833,29.7128],[-114.1872,29.7143],[-114.1905,29.72],[-114.1962,29.7219],[-114.2003,29.7274],[-114.2033,29.7397],[-114.2085,29.7448],[-114.2203,29.7464],[-114.2211,29.7491],[-114.2277,29.75],[-114.2359,29.7586],[-114.2435,29.763],[-114.2539,29.7621],[-114.2575,29.7604],[-114.2602,29.7654],[-114.2633,29.7647],[-114.2658,29.7692],[-114.2712,29.7721],[-114.2737,29.7702],[-114.2786,29.7704],[-114.2805,29.7721],[-114.283,29.7699],[-114.2855,29.7657],[-114.2929,29.7666],[-114.294,29.7613],[-114.2923,29.7571],[-114.2861,29.7566],[-114.288,29.753],[-114.2888,29.7483],[-114.297,29.7424],[-114.3041,29.7416],[-114.3225,29.7411],[-114.3395,29.7447],[-114.3458,29.7516],[-114.3459,29.7587],[-114.3533,29.768],[-114.3631,29.7721],[-114.3711,29.7702],[-114.3813,29.7745],[-114.3922,29.783],[-114.3958,29.7961],[-114.3961,29.8052],[-114.3983,29.8097],[-114.4094,29.8154],[-114.4086,29.8214],[-114.4032,29.8268],[-114.3963,29.8272],[-114.403,29.8328],[-114.4151,29.8548],[-114.4088,29.8809],[-114.4168,29.8912],[-114.4277,29.9073],[-114.4593,29.9101],[-114.4727,29.919],[-114.4813,29.9473],[-114.5331,29.968],[-114.5443,29.9917],[-114.5581,30.0176],[-114.5814,30.0511],[-114.5804,30.0726],[-114.5966,30.0895],[-114.6045,30.1107],[-114.6246,30.1175],[-114.6308,30.1324],[-114.6307,30.1445],[-114.6422,30.155],[-114.6526,30.1748],[-114.6603,30.1833],[-114.6657,30.1996],[-114.6553,30.2134],[-114.6516,30.2285],[-114.6448,30.25],[-114.6401,30.2638],[-114.6509,30.277],[-114.6527,30.2883],[-114.6515,30.2965],[-114.644,30.3137],[-114.6353,30.3646],[-114.6406,30.3752],[-114.6345,30.3968],[-114.6295,30.4248],[-114.6366,30.4418],[-114.6381,30.4633],[-114.6302,30.4806],[-114.6306,30.4949],[-114.6403,30.513],[-114.6453,30.5241],[-114.6461,30.5345],[-114.6485,30.5439],[-114.6496,30.5546],[-114.6618,30.5743],[-114.6843,30.6068],[-114.6985,30.6372],[-114.6919,30.671],[-114.6964,30.6875],[-114.7055,30.7117],[-114.6937,30.7363],[-114.6872,30.745],[-114.6952,30.7613],[-114.7006,30.7748],[-114.6969,30.82],[-114.7039,30.8349],[-114.7092,30.8441],[-114.7046,30.8585],[-114.7079,30.8742],[-114.7091,30.885],[-114.7105,30.9184],[-114.7149,30.9283],[-114.7168,30.9354],[-114.7203,30.9411],[-114.7363,30.9493],[-114.8035,30.9766],[-114.8218,30.989],[-114.8324,31.0067],[-114.8329,31.0274],[-114.8149,31.0428],[-114.8135,31.05],[-114.8382,31.0666],[-114.8639,31.0897],[-114.884,31.1207],[-114.8887,31.1629],[-114.8838,31.1822],[-114.8726,31.2727],[-114.8752,31.3287],[-114.8523,31.3894],[-114.8529,31.5266],[-114.8411,31.5668],[-114.824,31.6004],[-114.7886,31.6362],[-114.7806,31.6558],[-114.793,31.6793],[-114.8074,31.6983],[-114.816,31.7191],[-114.828,31.7898],[-114.835,31.8019],[-114.8494,31.8061],[-114.8562,31.8222],[-114.87,31.8399],[-114.889,31.8564],[-114.9134,31.8611],[-114.9235,31.8735],[-114.9362,31.8848],[-114.9513,31.8945],[-114.9686,31.9021],[-114.9945,31.9066],[-115.0021,31.9089],[-115.012,31.9147],[-115.0162,31.9191],[-115.0306,31.9421],[-115.0347,31.9547],[-115.0352,31.9661],[-115.0294,31.9709],[-115.0211,31.9656],[-115.0175,31.9538],[-115.0157,31.9422],[-115.0121,31.9368],[-115.0058,31.9346],[-114.9913,31.9248],[-114.9814,31.9226],[-114.9684,31.9213],[-114.9561,31.9181],[-114.9338,31.9089],[-114.9336,31.9088],[-114.8757,31.873],[-114.8551,31.8679],[-114.8426,31.8615],[-114.817,31.8305],[-114.8035,31.8195],[-114.7936,31.8166],[-114.7589,31.8133],[-114.747,31.81],[-114.727,31.7955],[-114.7175,31.7922],[-114.7144,31.7885],[-114.6959,31.7711],[-114.6868,31.7655],[-114.6772,31.7641],[-114.6039,31.7653],[-114.5847,31.7608],[-114.5407,31.7172],[-114.4943,31.6774],[-114.4612,31.6673],[-114.4481,31.6489],[-114.4321,31.6463],[-114.4125,31.6353],[-114.3605,31.6084],[-114.3275,31.5947],[-114.3247,31.5826],[-114.3121,31.5759],[-114.2981,31.5616],[-114.2878,31.5524],[-114.2598,31.5386],[-114.2319,31.5305],[-114.2089,31.5123],[-114.159,31.4945],[-114.1179,31.4923],[-114.0714,31.492],[-114.0289,31.4915],[-114.0188,31.5041],[-114.015,31.5107],[-114.0104,31.5163],[-114.0053,31.5255],[-113.9927,31.5271],[-113.9828,31.5323],[-113.9797,31.5452],[-113.9629,31.5629],[-113.9547,31.5657],[-113.951,31.568],[-113.96,31.5799],[-113.9614,31.5781],[-113.9668,31.5771],[-113.974,31.5791],[-113.9811,31.5867],[-113.9799,31.5959],[-113.9804,31.6503],[-113.9777,31.6631],[-113.9625,31.6552],[-113.9578,31.616],[-113.9395,31.6004],[-113.9262,31.6015],[-113.913,31.6046],[-113.8849,31.6147],[-113.8757,31.5967],[-113.8489,31.5845],[-113.804,31.5644],[-113.7746,31.5633],[-113.7575,31.5492],[-113.7136,31.5319],[-113.6596,31.4975],[-113.6347,31.4656],[-113.6358,31.4349],[-113.6196,31.3818],[-113.6093,31.3529],[-113.6184,31.3449],[-113.6369,31.3476],[-113.6435,31.3418],[-113.6223,31.3256],[-113.5854,31.3232],[-113.5585,31.3156],[-113.5489,31.2957],[-113.4819,31.2865],[-113.434,31.2762],[-113.2784,31.2506],[-113.2414,31.2412],[-113.2293,31.2451],[-113.2379,31.2518],[-113.252,31.256],[-113.2643,31.2628],[-113.276,31.2783],[-113.2617,31.2806],[-113.2458,31.2869],[-113.2329,31.288],[-113.222,31.2604],[-113.2086,31.2484],[-113.197,31.2252],[-113.1556,31.2048],[-113.1387,31.1955],[-113.121,31.19],[-113.1167,31.1976],[-113.1285,31.2031],[-113.1439,31.2099],[-113.1455,31.2193],[-113.1169,31.2176],[-113.0917,31.2022],[-113.0694,31.1722],[-113.0487,31.1567],[-113.0535,31.1234],[-113.0538,31.0789],[-113.0559,31.0307],[-113.0768,30.9971],[-113.0832,30.9894],[-113.0898,30.9931],[-113.1041,31.025],[-113.1124,31.0457],[-113.1162,31.0569],[-113.1229,31.0669],[-113.131,31.065],[-113.1308,31.0505],[-113.0999,30.9792],[-113.0974,30.946],[-113.0999,30.9068],[-113.1109,30.8433],[-113.1288,30.8124],[-113.1139,30.7812],[-113.0799,30.6704],[-113.0413,30.6085],[-112.9865,30.5324],[-112.9154,30.4751],[-112.8707,30.4285],[-112.856,30.4006],[-112.8477,30.3613],[-112.8466,30.3193],[-112.8486,30.2885],[-112.8608,30.269],[-112.8549,30.2628],[-112.8463,30.2716],[-112.8368,30.2698],[-112.8288,30.2692],[-112.8089,30.2586],[-112.7958,30.2467],[-112.7796,30.2299],[-112.7643,30.2115],[-112.7532,30.1859],[-112.7528,30.1294],[-112.7596,30.0761],[-112.7588,30.0592],[-112.7469,30.0417],[-112.7379,30.028],[-112.7305,30.0134],[-112.736,29.9878],[-112.7445,29.9588],[-112.7393,29.9412],[-112.7515,29.9243],[-112.7463,29.9105],[-112.7296,29.903],[-112.7093,29.91],[-112.6934,29.9032],[-112.6863,29.9078],[-112.6695,29.8976],[-112.6583,29.8835],[-112.6379,29.8259],[-112.6265,29.8099],[-112.6103,29.7919],[-112.5958,29.7713],[-112.587,29.7327],[-112.5802,29.718],[-112.5605,29.6963],[-112.5438,29.6982],[-112.5359,29.6882],[-112.5309,29.676],[-112.506,29.6169],[-112.4666,29.5856],[-112.432,29.5612],[-112.4291,29.5416],[-112.4305,29.5202],[-112.4196,29.5102],[-112.408,29.5027],[-112.3871,29.4983],[-112.3778,29.4857],[-112.3778,29.4628],[-112.3854,29.4432],[-112.4074,29.4044],[-112.4198,29.3759],[-112.4112,29.3447],[-112.3939,29.3328],[-112.3568,29.3188],[-112.3413,29.3009],[-112.3331,29.2965],[-112.3295,29.3083],[-112.3321,29.3164],[-112.3305,29.3211],[-112.3233,29.3268],[-112.314,29.3305],[-112.2635,29.33],[-112.2395,29.3153],[-112.2245,29.2804],[-112.2114,29.2528],[-112.2136,29.2278],[-112.227,29.1884],[-112.2091,29.181],[-112.1911,29.1669],[-112.1948,29.1575],[-112.1775,29.1406],[-112.1661,29.1204],[-112.1649,29.1099],[-112.1738,29.0986],[-112.1839,29.0842],[-112.186,29.0747],[-112.1731,29.0704],[-112.1709,29.0472],[-112.1573,29.006],[-112.155,28.9966],[-112.1522,28.9874],[-112.1608,28.9805],[-112.1708,28.973],[-112.1665,28.9667],[-112.1507,28.963],[-112.1292,28.9643],[-112.1156,28.9618],[-112.1055,28.9574],[-112.0989,28.9509],[-112.0912,28.9386],[-112.084,28.9235],[-112.0611,28.9085],[-112.0468,28.8959],[-112.0489,28.8859],[-112.0353,28.8806],[-112.0303,28.8614],[-112.0045,28.8552],[-111.9673,28.8413],[-111.9529,28.825],[-111.925,28.8017],[-111.902,28.8],[-111.8836,28.8033],[-111.8682,28.8031],[-111.8571,28.7844],[-111.856,28.7736],[-111.8575,28.7623],[-111.8612,28.7532],[-111.8671,28.7496],[-111.8764,28.7528],[-111.8823,28.7608],[-111.8874,28.7709],[-111.8944,28.7807],[-111.9035,28.7797],[-111.9214,28.7678],[-111.9329,28.7634],[-111.9451,28.7634],[-111.9494,28.7565],[-111.9401,28.7464],[-111.9204,28.72],[-111.7606,28.584],[-111.7419,28.5396],[-111.7236,28.5012],[-111.7084,28.4601],[-111.6978,28.4575],[-111.6737,28.4523],[-111.6495,28.4444],[-111.5862,28.4154],[-111.5162,28.3938],[-111.4735,28.381],[-111.4381,28.3871],[-111.4423,28.3693],[-111.4521,28.3588],[-111.4583,28.3472],[-111.4518,28.3256],[-111.4388,28.3085],[-111.3941,28.2738],[-111.3883,28.2634],[-111.3848,28.2416],[-111.3773,28.2279],[-111.3756,28.2223],[-111.3728,28.2177],[-111.3668,28.2158],[-111.3524,28.2165],[-111.3494,28.2158],[-111.3404,28.2053],[-111.3326,28.1604],[-111.3004,28.1293],[-111.2818,28.0915],[-111.2633,28.0735],[-111.2507,28.052],[-111.2205,28.0443],[-111.1981,28.0219],[-111.1835,28.0064],[-111.1718,27.9901],[-111.1426,27.9841],[-111.1284,27.969],[-111.1186,27.9698],[-111.104,27.9621],[-111.0952,27.9517],[-111.1021,27.9448],[-111.105,27.9354],[-111.0874,27.9362],[-111.0591,27.937],[-111.0406,27.9559],[-111.021,27.9619],[-110.9993,27.9641],[-110.9759,27.9521],[-110.9554,27.9365],[-110.9385,27.9204],[-110.9476,27.9191],[-110.9532,27.9166],[-110.9658,27.9067],[-110.9582,27.9023],[-110.9537,27.8967],[-110.9503,27.8911],[-110.9459,27.8862],[-110.9391,27.8834],[-110.9232,27.8815],[-110.918,27.8794],[-110.8951,27.8508],[-110.8907,27.8489],[-110.8863,27.8389],[-110.8768,27.8471],[-110.8672,27.8631],[-110.8628,27.8763],[-110.8636,27.8898],[-110.8674,27.8984],[-110.8758,27.9019],[-110.8907,27.8998],[-110.8709,27.9206],[-110.8606,27.9349],[-110.8566,27.9516],[-110.8559,27.9793],[-110.8507,27.9891],[-110.8389,27.9894],[-110.8271,27.9829],[-110.8218,27.9722],[-110.8215,27.9594],[-110.82,27.9503],[-110.816,27.9411],[-110.8082,27.9278],[-110.8385,27.9166],[-110.8491,27.9141],[-110.8491,27.9067],[-110.8121,27.9145],[-110.777,27.9169],[-110.7419,27.9141],[-110.671,27.8984],[-110.6547,27.8922],[-110.6238,27.873],[-110.6091,27.8708],[-110.6041,27.8756],[-110.6163,27.8862],[-110.5917,27.8875],[-110.5333,27.866],[-110.5133,27.8732],[-110.5084,27.8537],[-110.5211,27.8446],[-110.5712,27.838],[-110.5801,27.8389],[-110.5866,27.8371],[-110.5915,27.8176],[-110.5972,27.8129],[-110.604,27.8151],[-110.6095,27.8248],[-110.6156,27.8122],[-110.6129,27.8009],[-110.6033,27.7932],[-110.589,27.7912],[-110.6017,27.7671],[-110.5995,27.7523],[-110.5819,27.7448],[-110.5481,27.7428],[-110.5535,27.7325],[-110.5634,27.7295],[-110.5758,27.728],[-110.589,27.7224],[-110.5947,27.7145],[-110.6033,27.6814],[-110.5956,27.6935],[-110.5819,27.7001],[-110.5701,27.6974],[-110.5679,27.6814],[-110.579,27.6684],[-110.5992,27.6646],[-110.617,27.6575],[-110.6271,27.6411],[-110.6267,27.6085],[-110.598,27.5437],[-110.5888,27.5119],[-110.5874,27.4494],[-110.5585,27.4344],[-110.5543,27.4101],[-110.5548,27.3848],[-110.5509,27.3774],[-110.5406,27.3723],[-110.5304,27.3732],[-110.5185,27.3791],[-110.4997,27.3934],[-110.4921,27.385],[-110.4874,27.3813],[-110.4735,27.3769],[-110.4735,27.3703],[-110.4774,27.3631],[-110.4792,27.3586],[-110.4711,27.3459],[-110.4451,27.3177],[-110.4256,27.3019],[-110.4384,27.2927],[-110.4662,27.2959],[-110.4934,27.298],[-110.5244,27.3001],[-110.5223,27.2904],[-110.5004,27.2911],[-110.4648,27.2833],[-110.4479,27.2743],[-110.4037,27.2454],[-110.3718,27.209],[-110.3367,27.1721],[-110.3209,27.1652],[-110.2876,27.1484],[-110.2651,27.1434],[-110.2413,27.1384],[-110.2168,27.1346],[-110.1924,27.1279],[-110.1493,27.1184],[-110.0908,27.1027],[-110.0623,27.0817],[-110.0521,27.0903],[-110.0441,27.1023],[-110.0385,27.108],[-110.0315,27.1134],[-110.0238,27.1174],[-110.0165,27.119],[-109.9992,27.1182],[-109.9822,27.1151],[-109.9662,27.1089],[-109.9522,27.0986],[-109.917,27.0601],[-109.9091,27.0173],[-109.9084,26.9967],[-109.8833,26.9409],[-109.9042,26.9544],[-109.9324,26.9941],[-109.9418,27.0074],[-109.9456,26.9971],[-109.9112,26.952],[-109.9038,26.9378],[-109.9005,26.9229],[-109.8865,26.892],[-109.8716,26.8708],[-109.864,26.8355],[-109.8563,26.801],[-109.8315,26.7657],[-109.7846,26.7194],[-109.7684,26.7065],[-109.7254,26.6911],[-109.6944,26.6782],[-109.6641,26.6741],[-109.6618,26.684],[-109.6478,26.6934],[-109.6046,26.6966],[-109.5306,26.6842],[-109.4944,26.6692],[-109.4932,26.6765],[-109.5037,26.6785],[-109.5236,26.6884],[-109.5218,26.6957],[-109.5184,26.702],[-109.5219,26.7082],[-109.5329,26.7103],[-109.5452,26.7118],[-109.5528,26.717],[-109.5499,26.728],[-109.5412,26.7384],[-109.5289,26.7514],[-109.512,26.7473],[-109.5062,26.7291],[-109.4951,26.7374],[-109.4834,26.7426],[-109.4805,26.7286],[-109.4735,26.7176],[-109.4595,26.7161],[-109.4414,26.7146],[-109.4356,26.7036],[-109.4414,26.6942],[-109.4338,26.6901],[-109.4285,26.6719],[-109.4513,26.6796],[-109.4717,26.6848],[-109.4828,26.6822],[-109.4752,26.6749],[-109.4466,26.6718],[-109.4174,26.662],[-109.3871,26.638],[-109.3579,26.5974],[-109.3142,26.5687],[-109.2774,26.5218],[-109.2557,26.498],[-109.2448,26.4587],[-109.239,26.4195],[-109.253,26.3491],[-109.2496,26.3345],[-109.2401,26.3355],[-109.2117,26.3649],[-109.2013,26.366],[-109.1905,26.3642],[-109.1702,26.3587],[-109.1732,26.3656],[-109.1765,26.3709],[-109.1802,26.3752],[-109.1844,26.3786],[-109.1567,26.3642],[-109.1392,26.3318],[-109.1161,26.2889],[-109.0882,26.2904],[-109.083,26.277],[-109.0898,26.2717],[-109.101,26.2688],[-109.1087,26.2625],[-109.1078,26.2493],[-109.0937,26.2254],[-109.095,26.2147],[-109.1094,26.2165],[-109.1561,26.2548],[-109.177,26.2625],[-109.177,26.2687],[-109.1649,26.2769],[-109.1571,26.2928],[-109.1561,26.3123],[-109.1639,26.3314],[-109.1761,26.3382],[-109.1969,26.3438],[-109.2167,26.344],[-109.2254,26.3345],[-109.227,26.281],[-109.2316,26.2625],[-109.2617,26.2104],[-109.2681,26.1799],[-109.2728,26.168],[-109.2804,26.1606],[-109.2906,26.1632],[-109.2955,26.1726],[-109.2936,26.1835],[-109.2892,26.1946],[-109.2869,26.2045],[-109.288,26.2261],[-109.2838,26.2402],[-109.2801,26.2476],[-109.2751,26.2551],[-109.269,26.2625],[-109.2621,26.268],[-109.2513,26.2895],[-109.2547,26.302],[-109.2622,26.3041],[-109.2663,26.2935],[-109.2696,26.2774],[-109.2888,26.2439],[-109.3297,26.1751],[-109.3424,26.1348],[-109.3593,26.114],[-109.3967,26.0769],[-109.4333,26.0217],[-109.4377,26.0055],[-109.4395,25.9613],[-109.4378,25.9427],[-109.4308,25.9205],[-109.4224,25.9052],[-109.4191,25.8959],[-109.4178,25.882],[-109.4184,25.862],[-109.4205,25.861],[-109.4254,25.8523],[-109.4369,25.8138],[-109.4405,25.7934],[-109.4352,25.7763],[-109.4141,25.769],[-109.4062,25.7592],[-109.4036,25.7366],[-109.4053,25.7112],[-109.4103,25.6933],[-109.3996,25.6785],[-109.3959,25.6859],[-109.3952,25.7437],[-109.3895,25.7564],[-109.378,25.7618],[-109.3595,25.7629],[-109.3436,25.7585],[-109.3218,25.7482],[-109.3026,25.7355],[-109.2943,25.7244],[-109.2931,25.7211],[-109.2906,25.7195],[-109.288,25.7167],[-109.2869,25.7107],[-109.2888,25.7057],[-109.2978,25.6981],[-109.3005,25.6933],[-109.3016,25.6763],[-109.3005,25.6592],[-109.3295,25.6682],[-109.3593,25.6684],[-109.3872,25.6608],[-109.4103,25.6461],[-109.3739,25.6372],[-109.2629,25.6393],[-109.2275,25.6286],[-109.2016,25.604],[-109.1799,25.5764],[-109.1565,25.5568],[-109.1527,25.5765],[-109.1693,25.598],[-109.2377,25.6508],[-109.2459,25.6592],[-109.2517,25.6702],[-109.2544,25.6817],[-109.2502,25.6862],[-109.2245,25.6689],[-109.1932,25.6554],[-109.1807,25.653],[-109.1712,25.6487],[-109.1644,25.6388],[-109.1565,25.6182],[-109.1444,25.5947],[-109.1313,25.5834],[-109.1137,25.5844],[-109.0882,25.5977],[-109.0621,25.5903],[-109.0417,25.6047],[-109.0097,25.6496],[-108.9894,25.663],[-108.941,25.677],[-108.9169,25.6872],[-108.9009,25.7007],[-108.8861,25.7322],[-108.8719,25.7523],[-108.8498,25.7927],[-108.838,25.8046],[-108.8281,25.7895],[-108.8333,25.7689],[-108.8731,25.7367],[-108.8827,25.7172],[-108.8805,25.6849],[-108.8833,25.6784],[-108.8878,25.6782],[-108.8933,25.6754],[-108.8964,25.6728],[-108.8989,25.6662],[-108.8974,25.6622],[-108.8954,25.6585],[-108.8964,25.653],[-108.9066,25.6391],[-108.9598,25.5905],[-108.9677,25.5888],[-108.9715,25.5847],[-108.9723,25.58],[-108.9706,25.5682],[-108.9715,25.5636],[-108.9786,25.5508],[-108.9805,25.5446],[-108.9831,25.5444],[-108.9926,25.5493],[-108.9982,25.5687],[-109.0054,25.5779],[-109.0162,25.5739],[-109.0239,25.5731],[-109.0578,25.5847],[-109.0705,25.5805],[-109.0774,25.5705],[-109.082,25.5587],[-109.0882,25.5493],[-109.0944,25.5453],[-109.1161,25.5363],[-109.0663,25.4851],[-109.0347,25.4652],[-109.0063,25.4674],[-109.0188,25.4825],[-109.0158,25.4934],[-109.0019,25.4999],[-108.9518,25.5039],[-108.9442,25.5021],[-108.9374,25.4948],[-108.9403,25.4894],[-108.947,25.4868],[-108.9516,25.4879],[-108.9416,25.4735],[-108.9297,25.4664],[-108.9158,25.4675],[-108.8998,25.478],[-108.8926,25.4843],[-108.8878,25.4897],[-108.8848,25.4968],[-108.8827,25.5084],[-108.8836,25.5198],[-108.8878,25.5263],[-108.8929,25.5325],[-108.8964,25.5431],[-108.8963,25.5602],[-108.8895,25.5633],[-108.8768,25.5596],[-108.8589,25.5568],[-108.8538,25.5578],[-108.8443,25.5625],[-108.8384,25.5636],[-108.8328,25.5615],[-108.8304,25.5568],[-108.8293,25.5519],[-108.8281,25.5493],[-108.7934,25.5363],[-108.7836,25.5375],[-108.775,25.5414],[-108.769,25.5402],[-108.7667,25.5257],[-108.7674,25.4787],[-108.7698,25.4647],[-108.7797,25.4333],[-108.7716,25.4362],[-108.7599,25.4451],[-108.7558,25.4469],[-108.7469,25.4446],[-108.7457,25.4388],[-108.746,25.4311],[-108.7419,25.423],[-108.7299,25.406],[-108.7387,25.3991],[-108.7797,25.3985],[-108.7657,25.3809],[-108.7405,25.3829],[-108.6872,25.3985],[-108.6572,25.3922],[-108.6183,25.362],[-108.5941,25.3513],[-108.6673,25.3708],[-108.7086,25.3738],[-108.7319,25.3581],[-108.6965,25.3585],[-108.6543,25.3537],[-108.614,25.3433],[-108.5542,25.3078],[-108.4508,25.2694],[-108.435,25.2608],[-108.419,25.2492],[-108.4052,25.2338],[-108.3961,25.2142],[-108.3961,25.1984],[-108.4007,25.1544],[-108.3992,25.1453],[-108.3861,25.1619],[-108.3614,25.2694],[-108.3529,25.2617],[-108.3294,25.2517],[-108.3204,25.2414],[-108.3175,25.2285],[-108.3172,25.1994],[-108.3142,25.1862],[-108.3251,25.1907],[-108.3481,25.2048],[-108.3552,25.2067],[-108.3561,25.2002],[-108.3518,25.1695],[-108.3336,25.161],[-108.3058,25.157],[-108.2798,25.1584],[-108.2664,25.1657],[-108.2524,25.1603],[-108.242,25.1649],[-108.2316,25.1719],[-108.218,25.1732],[-108.2123,25.1669],[-108.1907,25.1316],[-108.1729,25.1136],[-108.1617,25.1064],[-108.1491,25.1043],[-108.1368,25.1066],[-108.1291,25.1107],[-108.1282,25.1168],[-108.1361,25.1247],[-108.1195,25.1235],[-108.1069,25.1169],[-108.0035,25.0314],[-108.0017,25.021],[-108.0047,25.0095],[-108.0132,25.0019],[-108.0467,25.0149],[-108.089,25.0195],[-108.1055,25.0269],[-108.1256,25.0466],[-108.1332,25.0564],[-108.1368,25.06],[-108.1407,25.0577],[-108.1491,25.0502],[-108.1526,25.0459],[-108.1626,25.0285],[-108.1634,25.0224],[-108.1533,25.0163],[-108.1419,25.0192],[-108.1325,25.0194],[-108.1287,25.0053],[-108.1278,24.9842],[-108.1306,24.9768],[-108.1391,24.9739],[-108.1444,24.9758],[-108.1634,24.9876],[-108.1663,24.9863],[-108.1714,24.9831],[-108.1775,24.9807],[-108.1833,24.9814],[-108.1864,24.9866],[-108.1975,25.0149],[-108.2589,25.0804],[-108.2662,25.0969],[-108.2838,25.1068],[-108.3063,25.1113],[-108.3279,25.1112],[-108.3223,25.0995],[-108.3126,25.0924],[-108.2931,25.0838],[-108.2578,25.0563],[-108.2341,25.0284],[-108.1556,24.883],[-108.1244,24.8446],[-108.0876,24.8231],[-108.0829,24.8259],[-108.0808,24.833],[-108.0777,24.8378],[-108.0703,24.8337],[-108.0654,24.8288],[-108.0613,24.8256],[-108.0566,24.8237],[-108.0501,24.8231],[-108.0442,24.8276],[-108.0411,24.8384],[-108.0388,24.873],[-108.0324,24.905],[-108.0323,24.918],[-108.0338,24.9238],[-108.0365,24.9291],[-108.0492,24.9826],[-108.0487,25.0015],[-108.0361,24.9985],[-107.9966,24.9678],[-107.9852,24.9534],[-107.9999,24.9276],[-108.0043,24.9146],[-108.0057,24.8989],[-107.9995,24.8636],[-108.0008,24.8476],[-108.0132,24.8368],[-108.0012,24.8289],[-107.9875,24.8146],[-107.9763,24.7968],[-107.9716,24.7788],[-107.9789,24.757],[-107.9949,24.758],[-108.0111,24.7685],[-108.0188,24.7753],[-108.0362,24.7852],[-108.0457,24.7885],[-108.0566,24.7896],[-108.0603,24.7864],[-108.0587,24.7794],[-108.0545,24.7723],[-108.0501,24.7691],[-108.0389,24.7633],[-108.0279,24.7489],[-108.0189,24.7309],[-108.0132,24.7139],[-108.0086,24.6772],[-108.0047,24.6618],[-107.9952,24.6484],[-107.9086,24.5779],[-107.8339,24.5352],[-107.8065,24.529],[-107.8191,24.5444],[-107.8617,24.5671],[-107.8785,24.5798],[-107.9095,24.6108],[-107.9248,24.621],[-107.9325,24.6282],[-107.9368,24.6388],[-107.9127,24.6347],[-107.889,24.6238],[-107.8671,24.6082],[-107.8481,24.5903],[-107.8329,24.5987],[-107.8205,24.5952],[-107.7792,24.5562],[-107.7727,24.5529],[-107.7582,24.5478],[-107.7519,24.5425],[-107.7483,24.5355],[-107.7472,24.5221],[-107.745,24.5159],[-107.7391,24.5073],[-107.7188,24.4924],[-107.7117,24.4892],[-107.7041,24.4879],[-107.6964,24.4901],[-107.6767,24.5016],[-107.6568,24.4891],[-107.6422,24.4702],[-107.6241,24.4585],[-107.5942,24.4675],[-107.5841,24.4749],[-107.5575,24.4995],[-107.5533,24.5085],[-107.5609,24.515],[-107.5876,24.5054],[-107.6017,24.5085],[-107.5926,24.5201],[-107.5794,24.5276],[-107.5634,24.5307],[-107.5465,24.529],[-107.5297,24.5219],[-107.5192,24.5114],[-107.4818,24.4328],[-107.4775,24.4191],[-107.4783,24.4001],[-107.4851,24.3899],[-107.4951,24.3822],[-107.5055,24.3706],[-107.5022,24.3702],[-107.4951,24.3708],[-107.4918,24.3706],[-107.493,24.3668],[-107.4967,24.3608],[-107.498,24.3576],[-107.5308,24.3801],[-107.5497,24.3879],[-107.5533,24.3781],[-107.5384,24.3694],[-107.5089,24.3526],[-107.498,24.3439],[-107.5149,24.352],[-107.526,24.3582],[-107.5415,24.3651],[-107.6802,24.447],[-107.6905,24.4495],[-107.7692,24.4893],[-107.7717,24.491],[-107.7715,24.5024],[-107.7725,24.5076],[-107.7755,24.5122],[-107.7819,24.518],[-107.7899,24.523],[-107.7967,24.5227],[-107.7997,24.5122],[-107.7923,24.494],[-107.775,24.4774],[-107.5432,24.3466],[-107.4809,24.2934],[-107.4434,24.2683],[-107.4043,24.2525],[-107.3929,24.2412],[-107.3888,24.2174],[-107.3778,24.2069],[-107.313,24.1663],[-107.1697,24.0764],[-107.1169,24.0292],[-107.1042,24.0218],[-107.0849,24.0151],[-107.0359,23.9808],[-106.902,23.8466],[-106.8733,23.7983],[-106.861,23.7552],[-106.8448,23.7355],[-106.8265,23.7177],[-106.8134,23.6997],[-106.8041,23.6527],[-106.7932,23.6324],[-106.7506,23.6189],[-106.7326,23.6065],[-106.7035,23.5768],[-106.6814,23.5454],[-106.6665,23.5288],[-106.6404,23.5165],[-106.6325,23.5048],[-106.6216,23.4806],[-106.6165,23.4739],[-106.6118,23.4691],[-106.5714,23.4353],[-106.5527,23.4235],[-106.5356,23.4185],[-106.5228,23.4075],[-106.4866,23.3399],[-106.4854,23.3389],[-106.4813,23.3339],[-106.4785,23.3284],[-106.477,23.3223],[-106.4894,23.3145],[-106.4869,23.3077],[-106.4707,23.295],[-106.4352,23.2443],[-106.4298,23.2304],[-106.4318,23.1932],[-106.4298,23.1851],[-106.4193,23.1799],[-106.4101,23.1837],[-106.4002,23.1901],[-106.3882,23.1926],[-106.3708,23.184],[-106.2773,23.0837],[-106.2578,23.069],[-106.2471,23.064],[-106.2287,23.0581],[-106.2203,23.0519],[-106.032,22.8301],[-106.0215,22.8406],[-106.0102,22.8489],[-105.9978,22.8545],[-105.9841,22.8568],[-106.004,22.8301],[-106.0016,22.8232],[-105.9972,22.8187],[-105.9929,22.8154],[-105.991,22.8121],[-105.9845,22.806],[-105.9425,22.7817],[-105.9254,22.7661],[-105.8811,22.7128],[-105.8002,22.6385],[-105.767,22.5905],[-105.7576,22.5346],[-105.7508,22.5346],[-105.7419,22.5461],[-105.7325,22.5414],[-105.7235,22.5284],[-105.7167,22.5142],[-105.7327,22.5041],[-105.7201,22.4729],[-105.7062,22.4214],[-105.6821,22.3468],[-105.655,22.2563],[-105.6477,22.1906],[-105.6573,22.0473],[-105.6488,21.9923],[-105.6323,21.9557],[-105.5494,21.8302],[-105.4629,21.6715],[-105.4484,21.631],[-105.4141,21.6011],[-105.3914,21.5893],[-105.3196,21.5455],[-105.281,21.5284],[-105.2635,21.5134],[-105.2499,21.5145],[-105.2438,21.5272],[-105.2301,21.5249],[-105.2176,21.5172],[-105.2079,21.5058],[-105.2001,21.4929],[-105.1958,21.4727],[-105.1866,21.4534],[-105.185,21.443],[-105.2029,21.4347],[-105.2198,21.4075],[-105.2305,21.3886],[-105.2431,21.3421],[-105.2257,21.2839],[-105.2161,21.2044],[-105.2329,21.183],[-105.2297,21.1551],[-105.2392,21.1312],[-105.2326,21.1169],[-105.2303,21.0907],[-105.2343,21.061],[-105.25,21.0436],[-105.2706,21.0253],[-105.2796,21.026],[-105.2915,21.0267],[-105.2988,21.0343],[-105.3097,21.0307],[-105.3187,21.0174],[-105.3256,21.003],[-105.3343,20.9853],[-105.3512,20.9706],[-105.3582,20.9577],[-105.3709,20.9541],[-105.4039,20.9289],[-105.4249,20.8896],[-105.4399,20.8714],[-105.4491,20.8731],[-105.4553,20.867],[-105.4596,20.856],[-105.4664,20.8347],[-105.4755,20.8204],[-105.4865,20.7962],[-105.5044,20.7849],[-105.5145,20.7881],[-105.5236,20.7897],[-105.5351,20.7784],[-105.5449,20.7681],[-105.5329,20.7564],[-105.5141,20.7703],[-105.4783,20.7515],[-105.442,20.7487],[-105.4109,20.734],[-105.3884,20.7395],[-105.3696,20.755],[-105.3616,20.7628],[-105.3415,20.7546],[-105.3102,20.7272],[-105.2838,20.6701],[-105.2537,20.6561],[-105.2343,20.6361],[-105.2368,20.6024],[-105.2436,20.5836],[-105.2554,20.5706],[-105.2667,20.5576],[-105.287,20.5499],[-105.301,20.5318],[-105.3287,20.5137],[-105.3597,20.5125],[-105.4292,20.5059],[-105.446,20.4963],[-105.4604,20.4926],[-105.5308,20.4932],[-105.5756,20.4877],[-105.6831,20.4237],[-105.6987,20.4069],[-105.6902,20.3849],[-105.6754,20.3527],[-105.6557,20.3132],[-105.6286,20.3],[-105.6088,20.2729],[-105.5931,20.2456],[-105.584,20.2377],[-105.5667,20.2274],[-105.5589,20.2182],[-105.5532,20.2015],[-105.5453,20.1357],[-105.5453,20.0916],[-105.5432,20.0805],[-105.5338,20.0618],[-105.5316,20.0506],[-105.5256,20.0319],[-105.4667,19.9503],[-105.4416,19.9064],[-105.4286,19.8893],[-105.3994,19.8651],[-105.3884,19.8524],[-105.3815,19.8341],[-105.3517,19.8045],[-105.2983,19.7186],[-105.2508,19.6661],[-105.1897,19.6149],[-105.1707,19.6022],[-105.1518,19.5842],[-105.1429,19.583],[-105.1302,19.5865],[-105.1169,19.5856],[-105.0877,19.5611],[-105.086,19.5057],[-105.0809,19.4994],[-105.0741,19.4931],[-105.0681,19.4854],[-105.0655,19.475],[-105.0705,19.4562],[-105.0701,19.4478],[-105.0393,19.4356],[-105.0287,19.4149],[-105.0171,19.3685],[-104.9936,19.3422],[-104.9579,19.3181],[-104.8805,19.2791],[-104.8726,19.2884],[-104.8662,19.29],[-104.8591,19.2881],[-104.8495,19.2866],[-104.8419,19.2886],[-104.8258,19.2976],[-104.8157,19.2996],[-104.8014,19.2947],[-104.7991,19.2831],[-104.8048,19.2559],[-104.8069,19.2291],[-104.7997,19.2246],[-104.7781,19.2252],[-104.7508,19.2315],[-104.744,19.232],[-104.7336,19.2285],[-104.7314,19.2238],[-104.7303,19.2181],[-104.7229,19.2115],[-104.7112,19.2094],[-104.7001,19.2104],[-104.6919,19.2076],[-104.6888,19.1941],[-104.684,19.1835],[-104.673,19.1766],[-104.636,19.1594],[-104.5926,19.1496],[-104.5038,19.1297],[-104.4864,19.1187],[-104.4516,19.1044],[-104.4395,19.0816],[-104.427,19.0918],[-104.4158,19.1057],[-104.406,19.1001],[-104.3984,19.0912],[-104.39,19.0934],[-104.3934,19.1083],[-104.3861,19.1154],[-104.3682,19.1177],[-104.3543,19.1119],[-104.3562,19.0949],[-104.3508,19.091],[-104.3404,19.1011],[-104.3287,19.0993],[-104.3041,19.0817],[-104.2996,19.0658],[-104.3069,19.0566],[-104.329,19.0533],[-104.3317,19.0223],[-104.3157,19.0165],[-104.2944,19.0098],[-104.2721,19.0021],[-104.2412,18.9915],[-104.1806,18.9714],[-104.0907,18.9283],[-103.98,18.8749],[-103.9532,18.8493],[-103.7943,18.7412],[-103.7344,18.6829],[-103.7002,18.6543],[-103.6862,18.6286],[-103.71,18.6012],[-103.7067,18.5912],[-103.693,18.5884],[-103.6622,18.5707],[-103.644,18.5589],[-103.629,18.548],[-103.6193,18.5369],[-103.611,18.5312],[-103.5751,18.4923],[-103.5231,18.3762],[-103.4984,18.3335],[-103.4242,18.3032],[-103.3797,18.2786],[-103.3616,18.2668],[-103.3437,18.271],[-103.3087,18.2593],[-103.2919,18.2495],[-103.2391,18.232],[-103.2212,18.2341],[-103.1409,18.2019],[-103.1252,18.206],[-103.1135,18.1921],[-103.0597,18.1875],[-103.0244,18.1858],[-102.9732,18.1662],[-102.8794,18.1221],[-102.7423,18.067],[-102.6913,18.0567],[-102.5972,18.0491],[-102.514,18.0206],[-102.4751,18.0178],[-102.4208,17.998],[-102.2886,17.9616],[-102.2296,17.9328],[-102.1906,17.916],[-102.1759,17.917],[-102.1623,17.9251],[-102.1455,17.9342],[-102.1298,17.9512],[-102.1099,17.9653],[-102.1005,17.9823],[-102.0367,17.9907],[-101.9899,17.9748],[-101.932,17.9503],[-101.8709,17.9155],[-101.8562,17.9095],[-101.8111,17.8903],[-101.773,17.8482],[-101.7709,17.8292],[-101.7563,17.8168],[-101.7455,17.7922],[-101.6982,17.7573],[-101.6719,17.7403],[-101.6477,17.7053],[-101.6445,17.6683],[-101.6151,17.6603],[-101.5993,17.6533],[-101.5951,17.6353],[-101.5793,17.6364],[-101.5699,17.6254],[-101.5573,17.6254],[-101.5531,17.6114],[-101.5259,17.6184],[-101.4965,17.6144],[-101.4581,17.5833],[-101.4487,17.5703],[-101.4407,17.5572],[-101.4432,17.5393],[-101.4568,17.5374],[-101.4558,17.5263],[-101.3938,17.5063],[-101.3464,17.4852],[-101.2631,17.4562],[-101.1822,17.4125],[-101.1718,17.3898],[-101.1051,17.3503],[-101.0733,17.3208],[-101.0551,17.3026],[-101.0537,17.2827],[-101.0651,17.276],[-101.059,17.2642],[-101.0428,17.2702],[-101.0082,17.253],[-100.9556,17.2369],[-100.9,17.2171],[-100.8339,17.1988],[-100.78,17.1804],[-100.7132,17.1521],[-100.6531,17.1341],[-100.5646,17.1053],[-100.3198,17.0226],[-100.2352,16.9911],[-100.1669,16.9671],[-100.1152,16.9482],[-100.0655,16.9348],[-99.9917,16.9097],[-99.9594,16.8927],[-99.9562,16.8831],[-99.9324,16.8602],[-99.925,16.8559],[-99.9201,16.8341],[-99.9137,16.8272],[-99.8997,16.8286],[-99.8914,16.8373],[-99.8969,16.8413],[-99.9062,16.8385],[-99.9079,16.8463],[-99.8975,16.8528],[-99.8813,16.8587],[-99.8668,16.8557],[-99.8582,16.8514],[-99.851,16.8431],[-99.8517,16.8364],[-99.8578,16.834],[-99.8625,16.8346],[-99.8685,16.8259],[-99.8703,16.8177],[-99.8768,16.8153],[-99.8693,16.8084],[-99.8615,16.8086],[-99.8529,16.8066],[-99.8471,16.81],[-99.8405,16.8087],[-99.8357,16.8021],[-99.839,16.7946],[-99.8496,16.7999],[-99.8581,16.796],[-99.8479,16.7918],[-99.8438,16.786],[-99.8329,16.7825],[-99.8276,16.7889],[-99.8214,16.7898],[-99.7953,16.7716],[-99.7412,16.7306],[-99.718,16.72],[-99.6891,16.7069],[-99.6633,16.6982],[-99.6361,16.6901],[-99.6054,16.6828],[-99.557,16.6878],[-99.4945,16.6858],[-99.3743,16.6679],[-99.3071,16.6525],[-99.1438,16.6109],[-98.9465,16.5503],[-98.907,16.5348],[-98.8893,16.5355],[-98.8565,16.5282],[-98.8554,16.5314],[-98.8519,16.5397],[-98.8462,16.5465],[-98.8313,16.5498],[-98.8216,16.553],[-98.814,16.5533],[-98.8063,16.5578],[-98.7913,16.5541],[-98.7769,16.5551],[-98.7682,16.5509],[-98.7643,16.5431],[-98.7353,16.5139],[-98.6981,16.462],[-98.6192,16.3918],[-98.5824,16.3607],[-98.5664,16.3406],[-98.5646,16.3311],[-98.5675,16.3271],[-98.5712,16.3271],[-98.5682,16.324],[-98.5545,16.3183],[-98.5525,16.3217],[-98.537,16.3381],[-98.5194,16.3507],[-98.4992,16.3594],[-98.4737,16.3658],[-98.4456,16.3684],[-98.4189,16.3686],[-98.3933,16.3721],[-98.3685,16.3852],[-98.3426,16.4097],[-98.3219,16.4372],[-98.3153,16.4675],[-98.3317,16.501],[-98.3455,16.5245],[-98.3459,16.5473],[-98.3332,16.5661],[-98.3074,16.5777],[-98.2882,16.5767],[-98.2723,16.5726],[-98.256,16.5711],[-98.2356,16.5783],[-98.2338,16.581],[-98.232,16.5836],[-98.2302,16.5864],[-98.2284,16.5891],[-98.2197,16.6181],[-98.2239,16.6461],[-98.2334,16.674],[-98.2402,16.7026],[-98.2274,16.7071],[-98.2152,16.7089],[-98.2028,16.7081],[-98.1895,16.7052],[-98.1738,16.703],[-98.1606,16.7053],[-98.148,16.7108],[-98.1342,16.7183],[-98.1279,16.7206],[-98.1219,16.7236],[-98.1163,16.7272],[-98.1112,16.7313],[-98.1066,16.7387],[-98.1046,16.7425],[-98.1026,16.7464],[-98.0882,16.7559],[-98.0787,16.7663],[-98.0729,16.7791],[-98.07,16.7964],[-98.0676,16.8145],[-98.0646,16.8325],[-98.0617,16.8505],[-98.059,16.8686],[-98.0576,16.8806],[-98.0589,16.8909],[-98.059,16.9004],[-98.054,16.9101],[-98.0439,16.9224],[-98.0347,16.935],[-98.0262,16.9483],[-98.0184,16.9621],[-98.0134,16.9721],[-98.0091,16.9824],[-98.0056,16.9931],[-98.0033,17.004],[-98.0017,17.015],[-98.003,17.0259],[-98.0069,17.0362],[-98.0131,17.0456],[-98.0425,17.0856],[-98.0721,17.1249],[-98.1029,17.1634],[-98.1358,17.2004],[-98.1392,17.2041],[-98.1427,17.2078],[-98.1461,17.2114],[-98.1496,17.2151],[-98.1619,17.2191],[-98.176,17.2198],[-98.1906,17.2189],[-98.2046,17.2182],[-98.2276,17.2229],[-98.2445,17.2453],[-98.2583,17.2732],[-98.2722,17.2945],[-98.2927,17.3011],[-98.3111,17.3071],[-98.3248,17.3175],[-98.3308,17.3372],[-98.3273,17.3583],[-98.3202,17.3776],[-98.3177,17.3967],[-98.3279,17.4171],[-98.3293,17.4187],[-98.3306,17.4205],[-98.3317,17.4223],[-98.3327,17.4242],[-98.329,17.437],[-98.325,17.4508],[-98.3237,17.4648],[-98.3277,17.4788],[-98.3338,17.4865],[-98.3401,17.494],[-98.3467,17.5013],[-98.3535,17.5084],[-98.3556,17.5103],[-98.3598,17.5143],[-98.3618,17.5163],[-98.3649,17.5191],[-98.3709,17.5249],[-98.374,17.5278],[-98.3784,17.5416],[-98.3802,17.5555],[-98.3772,17.5682],[-98.3669,17.579],[-98.3625,17.5845],[-98.3623,17.5897],[-98.3658,17.5945],[-98.3723,17.5991],[-98.3865,17.6172],[-98.3887,17.6406],[-98.3845,17.6663],[-98.3792,17.6912],[-98.3764,17.7044],[-98.3729,17.7173],[-98.3691,17.7302],[-98.3656,17.7433],[-98.3618,17.7624],[-98.3572,17.7815],[-98.3516,17.8003],[-98.3448,17.8185],[-98.3338,17.8419],[-98.328,17.858],[-98.3314,17.8727],[-98.3478,17.8922],[-98.3426,17.8963],[-98.3322,17.9043],[-98.3269,17.9083],[-98.3226,17.9119],[-98.3183,17.9157],[-98.3141,17.9193],[-98.3098,17.923],[-98.3017,17.9199],[-98.2936,17.9167],[-98.2855,17.9137],[-98.2773,17.9111],[-98.2428,17.9138],[-98.2156,17.9384],[-98.1951,17.9731],[-98.1811,18.0059],[-98.1731,18.0175],[-98.1621,18.0239],[-98.149,18.0263],[-98.1351,18.0263],[-98.1261,18.0261],[-98.1172,18.0258],[-98.1082,18.0256],[-98.0993,18.0254],[-98.0829,18.0247],[-98.0664,18.024],[-98.0501,18.0233],[-98.0337,18.0226],[-98.0242,18.0224],[-98.0148,18.0224],[-98.0055,18.0227],[-97.996,18.0233],[-97.987,18.0248],[-97.978,18.0264],[-97.9691,18.0283],[-97.9601,18.0302],[-97.9488,18.0322],[-97.9368,18.035],[-97.9251,18.0359],[-97.9144,18.032],[-97.9081,18.0226],[-97.9045,18.0083],[-97.9026,17.9932],[-97.9014,17.9812],[-97.9006,17.9738],[-97.8992,17.9667],[-97.8975,17.9596],[-97.8952,17.9526],[-97.8907,17.9374],[-97.8841,17.9246],[-97.8736,17.9165],[-97.8576,17.9155],[-97.8452,17.9208],[-97.8329,17.9258],[-97.8205,17.9306],[-97.8081,17.9352],[-97.7961,17.9427],[-97.785,17.9511],[-97.7747,17.9605],[-97.765,17.9707],[-97.7553,17.9779],[-97.7462,17.9855],[-97.7385,17.9943],[-97.7325,18.0048],[-97.7327,18.0145],[-97.734,18.0242],[-97.7363,18.0337],[-97.7395,18.043],[-97.7472,18.0555],[-97.7564,18.0674],[-97.7667,18.0783],[-97.7776,18.0883],[-97.7798,18.0904],[-97.7823,18.0923],[-97.7849,18.0939],[-97.7876,18.0954],[-97.8027,18.1058],[-97.8137,18.1201],[-97.8178,18.137],[-97.8125,18.1547],[-97.8054,18.1664],[-97.7977,18.1776],[-97.7902,18.189],[-97.7837,18.2011],[-97.7736,18.2176],[-97.7641,18.2345],[-97.7546,18.2512],[-97.7443,18.2675],[-97.736,18.2832],[-97.7249,18.3022],[-97.712,18.3147],[-97.6986,18.3107],[-97.6729,18.3185],[-97.6353,18.3475],[-97.6061,18.3604],[-97.6056,18.3204],[-97.6171,18.2868],[-97.6321,18.2442],[-97.6425,18.2022],[-97.6402,18.1705],[-97.6283,18.1565],[-97.6131,18.1459],[-97.5964,18.1372],[-97.58,18.1286],[-97.5717,18.1224],[-97.563,18.1166],[-97.5542,18.111],[-97.5453,18.1055],[-97.5363,18.0948],[-97.5343,18.0809],[-97.5344,18.0655],[-97.532,18.0508],[-97.5257,18.0391],[-97.5174,18.0283],[-97.509,18.0175],[-97.502,18.0058],[-97.493,17.9937],[-97.4814,17.9853],[-97.4679,17.9802],[-97.4531,17.9783],[-97.4385,17.9814],[-97.427,17.9901],[-97.4186,18.0025],[-97.4134,18.0166],[-97.3881,18.0677],[-97.3556,18.111],[-97.3136,18.1446],[-97.2602,18.1666],[-97.258,18.1675],[-97.2556,18.1683],[-97.2533,18.1691],[-97.2509,18.1697],[-97.2285,18.1735],[-97.208,18.1769],[-97.1879,18.1763],[-97.1668,18.1682],[-97.1503,18.1593],[-97.1347,18.1521],[-97.1185,18.1465],[-97.1006,18.1419],[-97.0987,18.1417],[-97.0969,18.1415],[-97.095,18.1412],[-97.0932,18.141],[-97.0591,18.1312],[-97.0257,18.1223],[-96.9946,18.1235],[-96.9672,18.1445],[-96.9621,18.1514],[-96.9574,18.1585],[-96.9531,18.1659],[-96.9492,18.1736],[-96.9484,18.1751],[-96.9473,18.1767],[-96.9462,18.1781],[-96.945,18.1794],[-96.9405,18.1852],[-96.9315,18.197],[-96.927,18.203],[-96.9174,18.2118],[-96.9126,18.2161],[-96.9076,18.2204],[-96.9048,18.2243],[-96.9017,18.2279],[-96.898,18.2311],[-96.8942,18.2341],[-96.8811,18.244],[-96.8659,18.2502],[-96.8498,18.2545],[-96.8341,18.2592],[-96.8273,18.2616],[-96.8208,18.2646],[-96.8146,18.2681],[-96.8087,18.2722],[-96.7895,18.2837],[-96.7775,18.2997],[-96.7688,18.3186],[-96.7601,18.3388],[-96.7492,18.3582],[-96.7395,18.3741],[-96.7322,18.3902],[-96.7281,18.4102],[-96.7243,18.4143],[-96.7205,18.4185],[-96.7166,18.4225],[-96.7128,18.4266],[-96.6897,18.4505],[-96.6648,18.4765],[-96.644,18.5048],[-96.6338,18.5358],[-96.6367,18.5701],[-96.647,18.6051],[-96.6584,18.6387],[-96.6641,18.6689],[-96.6563,18.6619],[-96.6405,18.6479],[-96.6327,18.6409],[-96.5968,18.6124],[-96.5622,18.5929],[-96.5248,18.5798],[-96.4799,18.5703],[-96.4495,18.5641],[-96.4267,18.555],[-96.411,18.5393],[-96.4017,18.5135],[-96.3921,18.4721],[-96.3775,18.428],[-96.3571,18.3873],[-96.3296,18.3555],[-96.3227,18.3501],[-96.3153,18.3452],[-96.3077,18.3407],[-96.2999,18.3366],[-96.2845,18.327],[-96.2715,18.3142],[-96.2602,18.2995],[-96.2504,18.2842],[-96.2422,18.2582],[-96.2373,18.2282],[-96.2289,18.201],[-96.2187,18.1949],[-96.2157,18.1919],[-96.2097,18.1886],[-96.2036,18.1851],[-96.1915,18.1861],[-96.1801,18.1884],[-96.1702,18.1858],[-96.1658,18.1772],[-96.1689,18.1692],[-96.1702,18.1604],[-96.1604,18.1497],[-96.149,18.1443],[-96.1355,18.1409],[-96.1216,18.1401],[-96.1093,18.1428],[-96.103,18.1483],[-96.0911,18.1654],[-96.0831,18.1714],[-96.071,18.1722],[-96.0497,18.1682],[-96.0364,18.1634],[-96.023,18.1621],[-96.0078,18.1618],[-95.9945,18.1603],[-95.9888,18.1615],[-95.987,18.1619],[-95.9767,18.1648],[-95.9664,18.1657],[-95.9562,18.1643],[-95.9466,18.1603],[-95.9359,18.1544],[-95.9248,18.1492],[-95.9134,18.1449],[-95.9015,18.142],[-95.8929,18.1404],[-95.8842,18.1387],[-95.8756,18.1369],[-95.8671,18.1347],[-95.8593,18.1319],[-95.8519,18.1286],[-95.8447,18.1247],[-95.8377,18.1204],[-95.819,18.0925],[-95.8055,18.0596],[-95.7925,18.026],[-95.7755,17.9954],[-95.7944,17.9473],[-95.8212,17.9073],[-95.8533,17.8708],[-95.8879,17.8333],[-95.891,17.8288],[-95.8938,17.8243],[-95.8964,17.8195],[-95.8987,17.8147],[-95.9103,17.7836],[-95.9085,17.7563],[-95.8975,17.7292],[-95.8811,17.6983],[-95.8602,17.6581],[-95.8391,17.6179],[-95.8181,17.5777],[-95.797,17.5375],[-95.7849,17.5228],[-95.7702,17.516],[-95.7532,17.5121],[-95.7343,17.5061],[-95.7309,17.5036],[-95.7273,17.5023],[-95.7234,17.5023],[-95.7195,17.5037],[-95.6979,17.5101],[-95.68,17.5196],[-95.6617,17.5264],[-95.6392,17.5252],[-95.6245,17.5197],[-95.6123,17.5154],[-95.6004,17.5176],[-95.587,17.5313],[-95.578,17.5322],[-95.5684,17.5325],[-95.5611,17.5349],[-95.5587,17.5419],[-95.5589,17.5481],[-95.5578,17.5532],[-95.5549,17.5571],[-95.5494,17.5595],[-95.5349,17.5662],[-95.5184,17.5763],[-95.5025,17.5851],[-95.4896,17.588],[-95.4777,17.5911],[-95.4682,17.6015],[-95.46,17.6142],[-95.4515,17.6244],[-95.431,17.6361],[-95.4095,17.6407],[-95.3872,17.6415],[-95.3642,17.6414],[-95.3649,17.6486],[-95.3627,17.6527],[-95.3592,17.6558],[-95.356,17.6597],[-95.3271,17.6633],[-95.3079,17.6727],[-95.2949,17.6881],[-95.2842,17.7101],[-95.2765,17.7157],[-95.2655,17.7124],[-95.2536,17.7063],[-95.244,17.7032],[-95.2374,17.7068],[-95.2418,17.7144],[-95.2467,17.7232],[-95.2411,17.7301],[-95.2331,17.7298],[-95.223,17.7311],[-95.2138,17.7324],[-95.2084,17.7323],[-95.1996,17.7233],[-95.1965,17.7105],[-95.1972,17.6965],[-95.1997,17.6845],[-95.2011,17.6766],[-95.2023,17.6654],[-95.2037,17.6548],[-95.2056,17.6484],[-95.213,17.6429],[-95.2233,17.6389],[-95.234,17.6347],[-95.2423,17.6288],[-95.2489,17.6177],[-95.2516,17.6064],[-95.2528,17.5947],[-95.2547,17.5826],[-95.224,17.549],[-95.1942,17.5143],[-95.1638,17.4806],[-95.131,17.4499],[-95.1155,17.4363],[-95.1016,17.4222],[-95.0885,17.4073],[-95.0755,17.3911],[-95.0519,17.3842],[-95.0236,17.3741],[-94.9988,17.3604],[-94.9858,17.3429],[-94.9838,17.3355],[-94.9815,17.3277],[-94.9795,17.3197],[-94.9788,17.3122],[-94.9811,17.3089],[-94.986,17.307],[-94.9903,17.3049],[-94.9912,17.3007],[-94.9863,17.2847],[-94.9815,17.2689],[-94.9766,17.253],[-94.9717,17.237],[-94.9385,17.2165],[-94.8736,17.2083],[-94.8031,17.2067],[-94.7531,17.2058],[-94.7193,17.2033],[-94.6854,17.2007],[-94.6515,17.1982],[-94.6176,17.1956],[-94.5874,17.1933],[-94.5573,17.1908],[-94.5272,17.1885],[-94.497,17.1861],[-94.3411,17.1771],[-94.1852,17.1682],[-93.8734,17.1502],[-93.866,17.1248],[-93.8648,17.0963],[-93.8666,17.0674],[-93.8681,17.0406],[-93.8674,17.0337],[-93.8675,17.0265],[-93.8678,17.0192],[-93.8681,17.0122],[-93.8943,17.0172],[-93.9053,17.0005],[-93.9075,16.9734],[-93.9073,16.9474],[-93.9068,16.9335],[-93.9061,16.9123],[-93.9069,16.8919],[-93.9113,16.8807],[-93.9689,16.8455],[-93.9861,16.8365],[-94.0083,16.8254],[-94.029,16.8132],[-94.0415,16.8005],[-94.0447,16.7803],[-94.0423,16.7533],[-94.0377,16.7257],[-94.0347,16.704],[-94.034,16.6829],[-94.0354,16.6626],[-94.0398,16.6429],[-94.0481,16.6235],[-94.0734,16.5899],[-94.1049,16.5504],[-94.1251,16.5088],[-94.1159,16.469],[-94.1055,16.4517],[-94.0967,16.4332],[-94.0885,16.4142],[-94.0805,16.3955],[-94.0675,16.3692],[-94.052,16.3363],[-94.0399,16.3026],[-94.0369,16.2733],[-94.0393,16.2548],[-94.0423,16.2351],[-94.0464,16.2159],[-94.0524,16.1987],[-94.0601,16.185],[-94.0692,16.1722],[-94.0781,16.1594],[-94.0836,16.1489],[-94.0738,16.1409],[-94.0426,16.1253],[-93.923,16.0999],[-93.8981,16.0889],[-93.8852,16.0708],[-93.8739,16.0485],[-93.854,16.0248],[-93.8654,16.0122],[-93.878,16.0054],[-93.8891,16.0064],[-93.8956,16.0174],[-93.9071,16.0144],[-93.9312,16.0161],[-93.9434,16.0106],[-93.7592,15.9062],[-93.656,15.8393],[-93.4881,15.7089],[-93.4708,15.7007],[-93.2286,15.5019],[-93.1996,15.491],[-93.1881,15.4776],[-93.17,15.4489],[-93.0781,15.3487],[-92.9982,15.294],[-92.9831,15.2656],[-92.9638,15.2538],[-92.923,15.2372],[-92.8635,15.1911],[-92.8467,15.1888],[-92.8597,15.2013],[-92.854,15.2085],[-92.8432,15.2059],[-92.8404,15.1888],[-92.8243,15.1927],[-92.803,15.1883],[-92.7823,15.1799],[-92.7684,15.1715],[-92.7563,15.1541],[-92.7482,15.113],[-92.7374,15.0926],[-92.7532,15.0984],[-92.764,15.1129],[-92.7702,15.1317],[-92.7721,15.1503],[-92.7809,15.1588],[-92.824,15.1728],[-92.8404,15.182],[-92.8406,15.1612],[-92.8249,15.1356],[-92.6999,14.9991],[-92.5078,14.8071],[-92.3821,14.6846],[-92.3059,14.6151],[-92.2508,14.5507],[-92.2463,14.5463],[-92.2261,14.5493],[-92.2081,14.5705],[-92.1861,14.6296],[-92.1647,14.6682],[-92.1608,14.6835],[-92.1617,14.7023],[-92.1794,14.7516],[-92.1801,14.7588],[-92.1788,14.7734],[-92.1794,14.7812],[-92.1887,14.8059],[-92.1908,14.8142],[-92.1917,14.8353],[-92.1868,14.8473],[-92.166,14.8708],[-92.1547,14.9008],[-92.1576,14.963],[-92.1542,14.9959],[-92.1424,15.0075],[-92.1299,15.0109],[-92.117,15.0124],[-92.1038,15.0179],[-92.0936,15.0294],[-92.0738,15.0737],[-92.2034,15.2372],[-92.2109,15.2534],[-92.2113,15.2721],[-92.2047,15.2895],[-92.1862,15.3204],[-92.1374,15.4018],[-92.1059,15.4545],[-92.0685,15.5169],[-91.9896,15.649],[-91.9106,15.781],[-91.8417,15.8961],[-91.793,15.9776],[-91.7745,16.0084],[-91.7519,16.0463],[-91.7398,16.061],[-91.7238,16.0688],[-91.6784,16.0689],[-91.4026,16.0693],[-91.2648,16.0695],[-91.1269,16.0698],[-90.9948,16.0699],[-90.989,16.0699],[-90.8511,16.0701],[-90.7133,16.0703],[-90.5755,16.0706],[-90.4857,16.0707],[-90.4662,16.0729],[-90.4482,16.0793],[-90.4478,16.0797],[-90.4442,16.0847],[-90.4374,16.0989],[-90.4345,16.1072],[-90.4402,16.1049],[-90.4427,16.1042],[-90.4445,16.1033],[-90.4481,16.0997],[-90.4556,16.0997],[-90.4595,16.1168],[-90.4353,16.1363],[-90.4481,16.1482],[-90.4481,16.1544],[-90.4261,16.1631],[-90.4327,16.1732],[-90.4618,16.1891],[-90.4656,16.2081],[-90.4585,16.2218],[-90.4462,16.2308],[-90.4345,16.2363],[-90.448,16.2415],[-90.4578,16.2491],[-90.4594,16.2591],[-90.4481,16.2711],[-90.4437,16.2669],[-90.4406,16.2653],[-90.4277,16.2636],[-90.4314,16.2689],[-90.4375,16.28],[-90.4413,16.2854],[-90.4367,16.2848],[-90.4355,16.2862],[-90.4355,16.2888],[-90.4345,16.2916],[-90.4286,16.2876],[-90.4202,16.2854],[-90.4141,16.2878],[-90.414,16.2984],[-90.4202,16.296],[-90.4347,16.3012],[-90.4449,16.3084],[-90.4379,16.3121],[-90.4195,16.3178],[-90.4047,16.3315],[-90.3988,16.3476],[-90.4072,16.3605],[-90.414,16.3605],[-90.414,16.353],[-90.4208,16.353],[-90.4182,16.3672],[-90.4087,16.3723],[-90.3951,16.3714],[-90.3799,16.3673],[-90.3914,16.386],[-90.3927,16.3917],[-90.3929,16.4048],[-90.3949,16.4192],[-90.4006,16.4205],[-90.4095,16.4167],[-90.4208,16.4151],[-90.4267,16.4177],[-90.4341,16.4224],[-90.4444,16.4268],[-90.4758,16.4307],[-90.4784,16.4364],[-90.4771,16.445],[-90.4823,16.4561],[-90.4882,16.4616],[-90.4978,16.468],[-90.5089,16.4711],[-90.5329,16.4599],[-90.5391,16.4689],[-90.5437,16.4902],[-90.5534,16.4903],[-90.5793,16.4828],[-90.5847,16.4802],[-90.5906,16.4834],[-90.6047,16.4862],[-90.6207,16.4867],[-90.6331,16.4833],[-90.6279,16.4929],[-90.619,16.5001],[-90.6121,16.5076],[-90.6126,16.5181],[-90.6242,16.5249],[-90.6395,16.5259],[-90.6482,16.5296],[-90.64,16.5448],[-90.6435,16.561],[-90.637,16.5779],[-90.6338,16.5922],[-90.6474,16.6001],[-90.6502,16.5934],[-90.6536,16.5901],[-90.6588,16.5884],[-90.6672,16.587],[-90.6672,16.5932],[-90.654,16.6166],[-90.6677,16.6526],[-90.7353,16.7466],[-90.7498,16.7577],[-90.7856,16.775],[-90.8004,16.7868],[-90.797,16.7987],[-90.797,16.8054],[-90.8106,16.8129],[-90.82,16.8053],[-90.8317,16.8054],[-90.9006,16.826],[-90.9191,16.8363],[-90.9482,16.8647],[-90.9689,16.8744],[-90.9528,16.8909],[-90.9552,16.8988],[-90.9688,16.901],[-90.9862,16.9011],[-90.988,16.8969],[-90.9843,16.8878],[-90.9833,16.8786],[-90.9931,16.8744],[-90.9983,16.8772],[-91.0109,16.8903],[-91.0167,16.8948],[-91.0549,16.908],[-91.0669,16.9182],[-91.0713,16.9389],[-91.0769,16.9495],[-91.1122,16.9905],[-91.1161,16.9993],[-91.1212,17.0184],[-91.1266,17.0246],[-91.1371,17.0265],[-91.1612,17.024],[-91.1712,17.028],[-91.2068,17.0654],[-91.216,17.0792],[-91.2202,17.0893],[-91.2254,17.107],[-91.2296,17.114],[-91.2388,17.1192],[-91.2592,17.1243],[-91.2631,17.1307],[-91.2651,17.1462],[-91.2708,17.1643],[-91.2795,17.1801],[-91.2904,17.1891],[-91.3178,17.1905],[-91.3445,17.1863],[-91.3649,17.1898],[-91.3729,17.2136],[-91.3883,17.2216],[-91.4192,17.2277],[-91.4425,17.238],[-91.4383,17.2537],[-91.4308,17.255],[-90.992,17.2519],[-90.9914,17.5269],[-90.9909,17.802],[-90.9828,17.8105],[-90.9622,17.816],[-90.9191,17.816],[-90.6992,17.8158],[-90.4795,17.8156],[-90.2597,17.8153],[-90.0398,17.8151],[-89.82,17.815],[-89.6002,17.8147],[-89.3803,17.8145],[-89.1605,17.8143],[-89.1614,17.9014],[-89.1539,17.9411],[-89.1326,17.9703],[-89.0494,17.9992],[-89.028,17.9921],[-89.0115,17.9778],[-88.9966,17.9618],[-88.9798,17.9494],[-88.9678,17.9483],[-88.9565,17.9505],[-88.947,17.9485],[-88.9333,17.9204],[-88.9205,17.9109],[-88.8803,17.8885],[-88.8714,17.891],[-88.8654,17.899],[-88.8608,17.9211],[-88.8564,17.9283],[-88.8053,17.965],[-88.7959,17.9756],[-88.7816,18.0147],[-88.7769,18.0238],[-88.762,18.0356],[-88.7484,18.0433],[-88.7364,18.0519],[-88.7266,18.0667],[-88.7235,18.0775],[-88.7204,18.1001],[-88.7177,18.11],[-88.6929,18.15],[-88.6895,18.1612],[-88.693,18.1752],[-88.6966,18.1781],[-88.6681,18.1982],[-88.639,18.2116],[-88.627,18.2203],[-88.617,18.2354],[-88.6132,18.2506],[-88.6115,18.2664],[-88.6077,18.2834],[-88.5981,18.2995],[-88.5672,18.3335],[-88.5548,18.3522],[-88.5513,18.3637],[-88.5474,18.3891],[-88.5384,18.4131],[-88.533,18.4433],[-88.5278,18.4541],[-88.5202,18.4616],[-88.4892,18.4845],[-88.4792,18.4834],[-88.4699,18.4785],[-88.4596,18.4757],[-88.4508,18.4769],[-88.4309,18.4838],[-88.42,18.489],[-88.4132,18.4908],[-88.408,18.489],[-88.3984,18.4801],[-88.3908,18.4757],[-88.3849,18.4766],[-88.3791,18.4797],[-88.3714,18.4818],[-88.3095,18.4823],[-88.3038,18.4814],[-88.3038,18.484],[-88.2997,18.4875],[-88.2955,18.4894],[-88.2833,18.4914],[-88.2748,18.5098],[-88.253,18.5408],[-88.2486,18.5566],[-88.2211,18.6058],[-88.1976,18.6352],[-88.1735,18.6833],[-88.1682,18.6849],[-88.157,18.6911],[-88.1507,18.6986],[-88.1605,18.7038],[-88.1708,18.7014],[-88.1809,18.6938],[-88.1893,18.6844],[-88.1947,18.6765],[-88.1929,18.6954],[-88.1856,18.7086],[-88.1809,18.7212],[-88.1871,18.7385],[-88.1988,18.7187],[-88.2159,18.6995],[-88.2357,18.6843],[-88.2555,18.6765],[-88.2525,18.6873],[-88.2478,18.6963],[-88.2418,18.7038],[-88.1988,18.7399],[-88.1908,18.7447],[-88.1669,18.7454],[-88.1492,18.75],[-88.1378,18.7622],[-88.1347,18.7695],[-88.1403,18.7492],[-88.1429,18.7316],[-88.1362,18.7243],[-88.1273,18.7302],[-88.1195,18.7445],[-88.1141,18.7615],[-88.112,18.7758],[-88.1039,18.8027],[-88.0841,18.8313],[-88.0594,18.8569],[-88.0363,18.875],[-88.0303,18.8352],[-88.0234,18.8181],[-88.0128,18.8037],[-88.0045,18.7869],[-88.0038,18.7654],[-88.009,18.7243],[-88.0101,18.7236],[-88.0127,18.7196],[-88.0152,18.7136],[-88.0165,18.7072],[-88.0143,18.7021],[-88.0093,18.696],[-88.0044,18.6912],[-88.0022,18.6901],[-88.0044,18.6779],[-88.0143,18.6619],[-88.0165,18.6529],[-88.0244,18.6363],[-88.0399,18.617],[-88.0505,18.5958],[-88.0438,18.5734],[-88.0773,18.5358],[-88.0787,18.5295],[-88.0802,18.5142],[-88.0778,18.4986],[-88.0674,18.4914],[-88.0436,18.4851],[-87.9913,18.4569],[-87.9647,18.4505],[-87.9451,18.4488],[-87.9352,18.4431],[-87.9305,18.4326],[-87.9265,18.4163],[-87.9296,18.4159],[-87.9338,18.4085],[-87.9353,18.4001],[-87.9302,18.3959],[-87.9276,18.3949],[-87.8998,18.3891],[-87.8959,18.381],[-87.8958,18.3713],[-87.8968,18.3627],[-87.8964,18.3581],[-87.8817,18.342],[-87.8793,18.3406],[-87.8822,18.3245],[-87.8883,18.3136],[-87.8914,18.3041],[-87.8855,18.2922],[-87.88,18.2987],[-87.8742,18.3074],[-87.869,18.3174],[-87.8656,18.3276],[-87.8653,18.3142],[-87.8684,18.288],[-87.8743,18.2627],[-87.8824,18.2513],[-87.891,18.2436],[-87.8872,18.23],[-87.875,18.2257],[-87.8588,18.2451],[-87.8538,18.2234],[-87.852,18.1967],[-87.8446,18.1967],[-87.8446,18.2622],[-87.8414,18.2777],[-87.8277,18.309],[-87.8246,18.3239],[-87.8194,18.3386],[-87.7712,18.4064],[-87.7626,18.4294],[-87.758,18.4995],[-87.7523,18.5154],[-87.7392,18.536],[-87.737,18.557],[-87.7421,18.6013],[-87.737,18.645],[-87.7234,18.6812],[-87.7035,18.7117],[-87.68,18.7385],[-87.662,18.7668],[-87.626,18.8894],[-87.6062,19.0204],[-87.5839,19.0532],[-87.5624,19.1021],[-87.5489,19.133],[-87.5572,19.1562],[-87.545,19.1745],[-87.5334,19.2281],[-87.523,19.2524],[-87.497,19.289],[-87.4809,19.3043],[-87.4609,19.3139],[-87.4609,19.3207],[-87.4809,19.3198],[-87.494,19.3095],[-87.5042,19.2963],[-87.5162,19.2866],[-87.4957,19.3276],[-87.5428,19.3238],[-87.5671,19.3172],[-87.5776,19.3034],[-87.5819,19.2861],[-87.5925,19.2683],[-87.6186,19.2382],[-87.639,19.2209],[-87.6491,19.2206],[-87.6587,19.2275],[-87.6769,19.2319],[-87.6879,19.2421],[-87.6811,19.2653],[-87.6601,19.307],[-87.6759,19.3112],[-87.6694,19.3232],[-87.6549,19.3391],[-87.6466,19.3549],[-87.6527,19.3549],[-87.6601,19.3344],[-87.6671,19.3344],[-87.6557,19.3732],[-87.6177,19.4055],[-87.5717,19.428],[-87.5367,19.4374],[-87.5425,19.4239],[-87.5454,19.4114],[-87.5526,19.4016],[-87.5708,19.3964],[-87.5348,19.402],[-87.5261,19.4064],[-87.4985,19.4338],[-87.4919,19.4374],[-87.475,19.4423],[-87.4584,19.455],[-87.4439,19.4726],[-87.433,19.492],[-87.4232,19.558],[-87.4163,19.5678],[-87.4127,19.5776],[-87.4212,19.5998],[-87.4404,19.636],[-87.4414,19.6189],[-87.4491,19.5939],[-87.4473,19.5876],[-87.4473,19.5808],[-87.5088,19.5884],[-87.5292,19.5876],[-87.5152,19.5817],[-87.5023,19.5779],[-87.4746,19.5739],[-87.4439,19.5739],[-87.4341,19.5771],[-87.4344,19.5842],[-87.4404,19.595],[-87.4258,19.5921],[-87.4267,19.5736],[-87.4414,19.5537],[-87.4678,19.5466],[-87.4678,19.5541],[-87.4547,19.5603],[-87.4591,19.5614],[-87.4617,19.563],[-87.464,19.5652],[-87.4678,19.5678],[-87.4744,19.5603],[-87.4801,19.5628],[-87.4867,19.5678],[-87.4957,19.5678],[-87.4994,19.563],[-87.5008,19.5563],[-87.5029,19.55],[-87.5094,19.5466],[-87.5155,19.548],[-87.5367,19.5603],[-87.5646,19.5678],[-87.5785,19.5615],[-87.6073,19.5527],[-87.6186,19.5466],[-87.631,19.5328],[-87.6416,19.5181],[-87.6544,19.5075],[-87.6738,19.5057],[-87.6693,19.5233],[-87.6664,19.5525],[-87.6601,19.5678],[-87.672,19.5667],[-87.6833,19.5676],[-87.6931,19.5701],[-87.7006,19.5739],[-87.7027,19.5833],[-87.7315,19.6005],[-87.7421,19.6149],[-87.7444,19.6306],[-87.7443,19.6518],[-87.7412,19.6717],[-87.7347,19.6838],[-87.7242,19.682],[-87.6705,19.6819],[-87.6601,19.6838],[-87.6542,19.6708],[-87.6588,19.6555],[-87.6691,19.6423],[-87.68,19.636],[-87.6673,19.6338],[-87.6583,19.6448],[-87.6466,19.6776],[-87.6287,19.7086],[-87.6183,19.7369],[-87.6004,19.7714],[-87.5799,19.799],[-87.5646,19.8005],[-87.5569,19.8149],[-87.5497,19.8176],[-87.5421,19.8127],[-87.5329,19.8039],[-87.5253,19.8029],[-87.5174,19.8091],[-87.5105,19.8171],[-87.5056,19.821],[-87.4969,19.8297],[-87.4547,19.8893],[-87.465,19.8839],[-87.4696,19.8804],[-87.4746,19.8756],[-87.4715,19.8847],[-87.4709,19.8989],[-87.4746,19.9309],[-87.4779,19.9382],[-87.4865,19.9465],[-87.4883,19.9544],[-87.485,19.9623],[-87.478,19.9648],[-87.471,19.9621],[-87.4678,19.9544],[-87.4662,19.9383],[-87.4617,19.9288],[-87.4439,19.9135],[-87.4452,19.8743],[-87.4473,19.862],[-87.4524,19.852],[-87.4604,19.8496],[-87.467,19.8424],[-87.4783,19.8415],[-87.4818,19.8367],[-87.4827,19.8255],[-87.4798,19.7843],[-87.4743,19.7971],[-87.4609,19.8415],[-87.4545,19.8471],[-87.4477,19.8489],[-87.4425,19.8531],[-87.4342,19.8892],[-87.433,19.8998],[-87.4378,19.9215],[-87.4604,19.9624],[-87.4678,19.9848],[-87.4713,20.069],[-87.4659,20.1118],[-87.444,20.1911],[-87.4305,20.221],[-87.4101,20.2463],[-87.379,20.2667],[-87.3847,20.2754],[-87.3847,20.2842],[-87.3784,20.291],[-87.3653,20.2939],[-87.3539,20.327],[-87.235,20.4926],[-87.1804,20.5472],[-87.1381,20.5718],[-87.1226,20.5867],[-87.0675,20.6192],[-87.0568,20.6304],[-87.0364,20.6633],[-86.9432,20.7623],[-86.8753,20.855],[-86.8752,20.8653],[-86.8508,20.9177],[-86.8332,20.971],[-86.8309,20.9826],[-86.8299,21.0045],[-86.8277,21.0126],[-86.8235,21.0202],[-86.8175,21.0247],[-86.8022,21.0299],[-86.7962,21.0338],[-86.7911,21.0362],[-86.7867,21.0351],[-86.7837,21.036],[-86.7825,21.044],[-86.7837,21.0491],[-86.7888,21.0585],[-86.7899,21.0649],[-86.7772,21.092],[-86.7726,21.099],[-86.7511,21.144],[-86.7475,21.149],[-86.7443,21.1547],[-86.7416,21.1641],[-86.7909,21.1584],[-86.8151,21.2048],[-86.8229,21.2695],[-86.8235,21.3183],[-86.8214,21.33],[-86.8125,21.3548],[-86.8105,21.3703],[-86.8126,21.3828],[-86.828,21.4333],[-86.8388,21.4379],[-86.8645,21.4385],[-86.8854,21.4452],[-86.8948,21.4438],[-86.8986,21.4316],[-86.9094,21.435],[-86.9185,21.4396],[-86.9248,21.4461],[-86.9292,21.4662],[-86.9337,21.4748],[-86.9402,21.4829],[-86.9447,21.4931],[-86.9979,21.5659],[-87.0262,21.5924],[-87.0433,21.6021],[-87.1115,21.6234],[-87.1342,21.6195],[-87.2439,21.5685],[-87.2721,21.5608],[-87.293,21.5651],[-87.3026,21.5692],[-87.334,21.5744],[-87.3577,21.5751],[-87.3653,21.574],[-87.3722,21.5692],[-87.3824,21.5583],[-87.4132,21.5341],[-87.4145,21.5211],[-87.4104,21.5124],[-87.4023,21.5095],[-87.3921,21.5136],[-87.3961,21.5154],[-87.3973,21.5153],[-87.3979,21.5161],[-87.3995,21.5205],[-87.3795,21.5271],[-87.3534,21.5468],[-87.3375,21.5546],[-87.3368,21.5482],[-87.3312,21.5341],[-87.3244,21.5409],[-87.3048,21.5334],[-87.2805,21.5279],[-87.2566,21.528],[-87.2381,21.5375],[-87.2218,21.5508],[-87.1999,21.5623],[-87.1758,21.569],[-87.1531,21.5683],[-87.1383,21.5631],[-87.1348,21.5583],[-87.1369,21.5527],[-87.1388,21.5446],[-87.1363,21.5369],[-87.1319,21.5285],[-87.13,21.5194],[-87.1351,21.5102],[-87.1424,21.5014],[-87.1556,21.4818],[-87.1661,21.4726],[-87.2382,21.443],[-87.2569,21.4406],[-87.2726,21.4484],[-87.2893,21.4546],[-87.3511,21.4521],[-87.4084,21.4703],[-87.4299,21.4726],[-87.4741,21.4671],[-87.4927,21.4685],[-87.5019,21.4801],[-87.4957,21.4801],[-87.4924,21.4744],[-87.4875,21.4736],[-87.4815,21.476],[-87.4746,21.4801],[-87.4875,21.4818],[-87.4945,21.4881],[-87.4984,21.4953],[-87.5019,21.4993],[-87.5106,21.5007],[-87.5398,21.4993],[-87.5627,21.5014],[-87.6186,21.5205],[-87.6857,21.5288],[-87.6906,21.5236],[-87.6745,21.5136],[-87.6543,21.5086],[-87.6118,21.5068],[-87.6284,21.4995],[-87.6448,21.5003],[-87.6769,21.5068],[-87.7455,21.5068],[-87.7781,21.5106],[-87.8113,21.5211],[-87.8417,21.5363],[-87.8656,21.5546],[-87.8446,21.5484],[-87.7743,21.5368],[-87.7592,21.5303],[-87.7498,21.5246],[-87.7376,21.5224],[-87.725,21.5233],[-87.7148,21.5267],[-87.7063,21.5334],[-87.7098,21.5369],[-87.7698,21.5526],[-87.8579,21.5644],[-87.8998,21.5751],[-87.9621,21.6001],[-87.9854,21.603],[-88.0711,21.603],[-88.115,21.6142],[-88.1295,21.616],[-88.1389,21.614],[-88.1608,21.605],[-88.188,21.6004],[-88.2102,21.5932],[-88.2306,21.5823],[-88.2351,21.5738],[-88.227,21.5748],[-88.1868,21.5832],[-88.1522,21.6011],[-88.1287,21.6015],[-88.1046,21.5966],[-88.0848,21.5893],[-88.1493,21.5911],[-88.1639,21.5856],[-88.1772,21.5767],[-88.1952,21.5714],[-88.2504,21.5661],[-88.2827,21.5567],[-88.3004,21.5546],[-88.3182,21.5578],[-88.3524,21.5718],[-88.3693,21.5751],[-88.4478,21.5751],[-88.4676,21.5701],[-88.5041,21.5542],[-88.5235,21.5484],[-88.5859,21.5418],[-88.6055,21.5341],[-88.6676,21.4801],[-88.7027,21.4586],[-88.824,21.4316],[-88.8595,21.4179],[-88.8788,21.4131],[-88.923,21.4086],[-88.9891,21.3901],[-89.0748,21.3764],[-89.0815,21.3744],[-89.1027,21.3654],[-89.1126,21.3628],[-89.1232,21.3635],[-89.1474,21.3703],[-89.1871,21.3655],[-89.2692,21.343],[-89.4591,21.3251],[-89.5981,21.3019],[-89.6776,21.3019],[-89.786,21.2846],[-89.8864,21.2498],[-89.9043,21.2467],[-89.9215,21.2407],[-89.9822,21.1989],[-90.0349,21.1806],[-90.0657,21.1772],[-90.0777,21.1737],[-90.0995,21.1641],[-90.1336,21.1369],[-90.1995,21.1142],[-90.2201,21.0984],[-90.3324,21.0325],[-90.3497,21.0167],[-90.3601,21.0004],[-90.4222,20.8196],[-90.4421,20.7943],[-90.4421,20.7874],[-90.4176,20.7971],[-90.3981,20.8207],[-90.3853,20.8491],[-90.3807,20.873],[-90.3781,20.8807],[-90.3602,20.9177],[-90.3465,20.9724],[-90.3391,20.9724],[-90.3419,20.9392],[-90.3671,20.8815],[-90.3791,20.8275],[-90.3932,20.8041],[-90.4491,20.7421],[-90.4594,20.7155],[-90.4669,20.6189],[-90.4899,20.5341],[-90.4896,20.4905],[-90.4745,20.4085],[-90.4757,20.3685],[-90.4883,20.3121],[-90.4899,20.2902],[-90.4873,20.2346],[-90.4967,20.1846],[-90.4974,20.1083],[-90.5002,20.0881],[-90.5002,20.0792],[-90.4974,20.0674],[-90.4672,20.0133],[-90.4626,19.9957],[-90.4639,19.9779],[-90.4683,19.9643],[-90.4778,19.9221],[-90.5169,19.8817],[-90.6067,19.8212],[-90.6645,19.7819],[-90.6837,19.7529],[-90.7028,19.7111],[-90.7095,19.6875],[-90.7087,19.671],[-90.705,19.6548],[-90.7028,19.6326],[-90.7049,19.6119],[-90.7143,19.5699],[-90.7301,19.3759],[-90.7424,19.343],[-90.7694,19.3092],[-90.8031,19.2829],[-90.8359,19.2723],[-90.8566,19.2583],[-90.9355,19.1631],[-91.0137,19.1133],[-91.059,19.0972],[-91.0796,19.0873],[-91.1616,19.0163],[-91.2817,18.9656],[-91.3669,18.9141],[-91.4312,18.8801],[-91.4824,18.8426],[-91.5053,18.8166],[-91.5034,18.8096],[-91.4836,18.8074],[-91.4643,18.8083],[-91.4521,18.8116],[-91.429,18.8266],[-91.4242,18.8218],[-91.4147,18.8266],[-91.4168,18.8502],[-91.3913,18.8713],[-91.326,18.903],[-91.2609,18.9526],[-91.2372,18.9576],[-91.253,18.9371],[-91.2805,18.912],[-91.3111,18.8908],[-91.3577,18.8756],[-91.3807,18.8594],[-91.4011,18.8374],[-91.4147,18.8136],[-91.3954,18.8066],[-91.367,18.7712],[-91.3465,18.7658],[-91.3397,18.7699],[-91.3367,18.7766],[-91.3326,18.7829],[-91.3226,18.7856],[-91.3106,18.7845],[-91.3024,18.781],[-91.2856,18.7658],[-91.2655,18.7357],[-91.2664,18.7043],[-91.2987,18.6286],[-91.2848,18.6367],[-91.2372,18.6491],[-91.2123,18.6613],[-91.1991,18.6632],[-91.182,18.6566],[-91.197,18.6464],[-91.2362,18.6354],[-91.244,18.6252],[-91.2513,18.6197],[-91.2682,18.6191],[-91.3017,18.6218],[-91.3072,18.6154],[-91.3241,18.5843],[-91.3328,18.5734],[-91.345,18.5656],[-91.3616,18.558],[-91.3793,18.5548],[-91.3949,18.5604],[-91.4238,18.5443],[-91.4805,18.5243],[-91.5041,18.5119],[-91.5116,18.5053],[-91.534,18.4809],[-91.5389,18.471],[-91.534,18.4658],[-91.508,18.4772],[-91.4973,18.4778],[-91.4958,18.4852],[-91.492,18.4929],[-91.4905,18.4983],[-91.4836,18.4983],[-91.4825,18.4847],[-91.4754,18.4547],[-91.4774,18.4431],[-91.4865,18.4364],[-91.4958,18.4396],[-91.5026,18.4497],[-91.5041,18.4642],[-91.5213,18.4551],[-91.5444,18.4492],[-91.5929,18.4431],[-91.6182,18.4453],[-91.6636,18.4562],[-91.6822,18.4505],[-91.7117,18.4628],[-91.7728,18.4785],[-91.7983,18.4914],[-91.8052,18.4759],[-91.7965,18.4626],[-91.7821,18.4501],[-91.7716,18.4368],[-91.7834,18.4356],[-91.7945,18.4373],[-91.8044,18.4422],[-91.8126,18.4505],[-91.806,18.4312],[-91.7965,18.4159],[-91.7923,18.4016],[-91.8021,18.3856],[-91.8143,18.3887],[-91.834,18.4028],[-91.8523,18.4202],[-91.8604,18.4332],[-91.8542,18.4483],[-91.8291,18.4773],[-91.8263,18.4914],[-91.8372,18.5032],[-91.8769,18.5144],[-91.8945,18.5256],[-91.89,18.5255],[-91.8891,18.5268],[-91.8893,18.5292],[-91.8883,18.5324],[-91.874,18.5256],[-91.8782,18.538],[-91.8882,18.5482],[-91.9014,18.5557],[-91.915,18.5604],[-91.902,18.5808],[-91.9263,18.5723],[-91.9388,18.5753],[-91.9501,18.5843],[-91.9703,18.5939],[-91.9642,18.5623],[-91.943,18.542],[-91.915,18.5256],[-91.8883,18.5058],[-91.9067,18.5097],[-91.9266,18.5183],[-91.9426,18.53],[-91.9491,18.543],[-91.9552,18.5477],[-91.9686,18.5457],[-91.9907,18.5393],[-92.0039,18.5417],[-92.0137,18.5463],[-92.0316,18.5604],[-92.0478,18.5507],[-92.0528,18.5467],[-92.0502,18.5576],[-92.046,18.5666],[-92.0399,18.5742],[-92.0316,18.5808],[-92.0354,18.5867],[-92.0367,18.5911],[-92.0373,18.5954],[-92.0391,18.6013],[-92.0285,18.5931],[-92.0165,18.5897],[-92.0036,18.5902],[-91.9907,18.5939],[-91.9907,18.6013],[-92.005,18.6024],[-92.0114,18.6074],[-92.0082,18.613],[-91.9945,18.6156],[-91.9853,18.6138],[-91.9807,18.6113],[-91.9761,18.6116],[-91.9563,18.6274],[-91.9502,18.6295],[-91.9429,18.6286],[-91.9372,18.6206],[-91.9407,18.6089],[-91.9425,18.5984],[-91.9324,18.5939],[-91.9051,18.5944],[-91.8926,18.5966],[-91.8808,18.6013],[-91.8837,18.5943],[-91.8883,18.5876],[-91.8766,18.5902],[-91.8666,18.5984],[-91.8604,18.6098],[-91.8604,18.6218],[-91.8669,18.6284],[-91.9208,18.6619],[-91.9481,18.6912],[-91.9793,18.6984],[-92.0601,18.7016],[-92.1868,18.6862],[-92.2927,18.6768],[-92.4051,18.6711],[-92.4861,18.6485],[-92.589,18.6249],[-92.6108,18.6218],[-92.6563,18.6243],[-92.681,18.6229],[-92.6959,18.6156],[-92.693,18.6025],[-92.6684,18.5565],[-92.6623,18.5358],[-92.6694,18.4942],[-92.6703,18.4728],[-92.6623,18.4573],[-92.6691,18.4294],[-92.6822,18.456],[-92.6903,18.5529],[-92.7033,18.5843],[-92.7075,18.5909],[-92.7169,18.5922],[-92.7263,18.5876],[-92.7306,18.5771],[-92.7384,18.5642],[-92.7593,18.5367],[-92.8068,18.4941],[-92.8557,18.466],[-92.9398,18.4457],[-93.1011,18.4431],[-93.1219,18.4379],[-93.1376,18.4289],[-93.1394,18.4202],[-93.1182,18.4163],[-93.0959,18.4089],[-93.0884,18.3928],[-93.0948,18.3781],[-93.1148,18.3748],[-93.1073,18.3686],[-93.1141,18.3616],[-93.1285,18.3406],[-93.1353,18.3406],[-93.1339,18.3549],[-93.1225,18.374],[-93.1217,18.3891],[-93.1304,18.3822],[-93.1453,18.3745],[-93.1605,18.369],[-93.17,18.3686],[-93.1764,18.3777],[-93.1784,18.4004],[-93.1831,18.4089],[-93.1731,18.4136],[-93.1657,18.4215],[-93.1558,18.4368],[-93.1558,18.4431],[-93.3055,18.4379],[-93.4447,18.4418],[-93.5524,18.4294],[-93.5967,18.4199],[-93.782,18.353],[-93.7932,18.3441],[-93.8019,18.3337],[-93.8208,18.3275],[-93.8396,18.3185],[-93.8478,18.2997],[-93.8368,18.3093],[-93.8254,18.3115],[-93.8141,18.3121],[-93.8035,18.3171],[-93.769,18.3406],[-93.7249,18.3475],[-93.7187,18.3519],[-93.7101,18.3633],[-93.7038,18.3686],[-93.6327,18.3904],[-93.6212,18.399],[-93.6155,18.405],[-93.6026,18.411],[-93.5887,18.4154],[-93.5803,18.4163],[-93.5764,18.4119],[-93.5666,18.3891],[-93.5812,18.3563],[-93.5928,18.345],[-93.6572,18.3333],[-93.6776,18.3364],[-93.6839,18.3549],[-93.6964,18.3462],[-93.7106,18.3396],[-93.7252,18.3371],[-93.7386,18.3406],[-93.744,18.336],[-93.7562,18.3293],[-93.7625,18.3239],[-93.7668,18.3148],[-93.7635,18.3083],[-93.7589,18.3015],[-93.7591,18.2922],[-93.7674,18.2812],[-93.7811,18.2728],[-93.7982,18.2675],[-93.8783,18.2569],[-93.8888,18.2622],[-93.8854,18.2761],[-93.8775,18.2865],[-93.8683,18.2958],[-93.8615,18.3065],[-93.9726,18.2721],[-93.9918,18.2622],[-94.0078,18.2484],[-94.0846,18.2322],[-94.1116,18.2209],[-94.1349,18.208],[-94.2071,18.1896],[-94.3542,18.1685],[-94.3884,18.1557],[-94.4101,18.1536],[-94.4385,18.1472],[-94.4669,18.1442],[-94.5002,18.1576],[-94.5309,18.1606],[-94.5433,18.1662],[-94.575,18.1883],[-94.5809,18.1898],[-94.6283,18.2853],[-94.6527,18.3138],[-94.718,18.3748],[-94.7386,18.4068],[-94.7692,18.4833],[-94.7869,18.5119],[-94.8079,18.5236],[-94.8551,18.5279],[-94.8719,18.5358],[-95.0026,18.5554],[-95.0242,18.564],[-95.0333,18.5771],[-95.0384,18.598],[-95.0514,18.6123],[-95.1381,18.6671],[-95.173,18.6967],[-95.1901,18.7051],[-95.2084,18.7086],[-95.2753,18.7099],[-95.3647,18.7033],[-95.4952,18.7073],[-95.5836,18.7217],[-95.6642,18.751],[-95.7328,18.8],[-95.7284,18.7572],[-95.6743,18.7294],[-95.6083,18.7077],[-95.5683,18.6833],[-95.585,18.6697],[-95.6064,18.6811],[-95.6284,18.7003],[-95.6469,18.7106],[-95.6693,18.7143],[-95.7747,18.744],[-95.7834,18.7447],[-95.7942,18.7432],[-95.7972,18.7395],[-95.7978,18.7351],[-95.8011,18.731],[-95.8243,18.7201],[-95.8358,18.7176],[-95.852,18.7168],[-95.8619,18.7234],[-95.873,18.7379],[-95.8773,18.7524],[-95.8663,18.759],[-95.8513,18.7562],[-95.8242,18.7453],[-95.8074,18.7447],[-95.8074,18.7521],[-95.8507,18.7799],[-95.8729,18.7988],[-95.8824,18.817],[-95.901,18.8223],[-95.9365,18.8384],[-95.9589,18.8564],[-95.9377,18.8682],[-95.9148,18.8625],[-95.8795,18.8285],[-95.8246,18.8133],[-95.7779,18.7785],[-95.7528,18.7658],[-95.7512,18.7928],[-95.7528,18.8],[-95.7652,18.8105],[-95.786,18.8188],[-95.8083,18.8245],[-95.8244,18.8266],[-95.8443,18.8334],[-95.8677,18.8491],[-95.9036,18.8819],[-95.9237,18.9077],[-95.9418,18.939],[-95.9563,18.9758],[-95.9703,19.0461],[-95.9772,19.0583],[-95.9912,19.061],[-96.0172,19.0606],[-96.0412,19.0657],[-96.0614,19.0785],[-96.0774,19.0961],[-96.0885,19.1153],[-96.1029,19.1658],[-96.1124,19.1801],[-96.1187,19.1985],[-96.1221,19.2221],[-96.1319,19.2359],[-96.1574,19.2252],[-96.1716,19.2341],[-96.2545,19.3015],[-96.2783,19.3146],[-96.2904,19.3326],[-96.2985,19.3542],[-96.3048,19.392],[-96.3192,19.4247],[-96.3207,19.4388],[-96.3103,19.463],[-96.3155,19.4822],[-96.3492,19.5194],[-96.36,19.5369],[-96.3937,19.6541],[-96.4051,19.7418],[-96.4401,19.8377],[-96.4561,19.8688],[-96.5099,19.9298],[-96.5751,20.0264],[-96.6411,20.1002],[-96.676,20.1579],[-96.6844,20.1667],[-96.6952,20.1705],[-96.7012,20.174],[-96.7116,20.1824],[-96.7215,20.1927],[-96.7343,20.221],[-96.7533,20.2408],[-96.8148,20.2904],[-96.8836,20.3685],[-96.9109,20.3928],[-96.9256,20.4103],[-96.9403,20.4492],[-96.9599,20.4648],[-97.0003,20.4857],[-97.0344,20.5146],[-97.1505,20.647],[-97.1983,20.739],[-97.1881,20.7518],[-97.1832,20.756],[-97.1778,20.7595],[-97.187,20.7768],[-97.1972,20.8102],[-97.2681,20.9279],[-97.338,21.055],[-97.3975,21.2051],[-97.4049,21.2419],[-97.4125,21.2552],[-97.4283,21.2604],[-97.4295,21.2717],[-97.4968,21.4006],[-97.5006,21.4211],[-97.4907,21.4621],[-97.4894,21.4808],[-97.5006,21.4931],[-97.5161,21.4818],[-97.5307,21.4763],[-97.5456,21.4774],[-97.562,21.4857],[-97.5776,21.501],[-97.6576,21.6365],[-97.6726,21.6753],[-97.6881,21.7608],[-97.7084,21.8275],[-97.7126,21.911],[-97.7197,21.9518],[-97.7443,22.0064],[-97.7515,22.0257],[-97.7601,22.0369],[-97.777,22.0731],[-97.7811,22.0959],[-97.7676,22.0638],[-97.6859,21.9245],[-97.6588,21.9075],[-97.6476,21.8843],[-97.631,21.8168],[-97.6303,21.8044],[-97.6251,21.7944],[-97.602,21.777],[-97.5558,21.7128],[-97.5016,21.6605],[-97.4869,21.6364],[-97.4385,21.5955],[-97.3992,21.5706],[-97.379,21.5543],[-97.3702,21.5375],[-97.3711,21.5198],[-97.3743,21.5043],[-97.3805,21.4892],[-97.3907,21.4726],[-97.4009,21.4805],[-97.4194,21.4768],[-97.4398,21.4666],[-97.4556,21.4553],[-97.4722,21.4378],[-97.4715,21.4307],[-97.4638,21.424],[-97.4561,21.3923],[-97.4317,21.3423],[-97.4186,21.2734],[-97.4112,21.2734],[-97.4042,21.3189],[-97.3982,21.3416],[-97.3873,21.3594],[-97.3758,21.3733],[-97.3479,21.4179],[-97.3423,21.4351],[-97.3336,21.4783],[-97.3192,21.5198],[-97.3162,21.5609],[-97.3423,21.603],[-97.4138,21.6467],[-97.4249,21.661],[-97.4353,21.6654],[-97.49,21.7128],[-97.5081,21.7228],[-97.6105,21.8358],[-97.7606,22.0959],[-97.7714,22.1317],[-97.7743,22.2535],[-97.7992,22.3188],[-97.8053,22.3292],[-97.8091,22.3403],[-97.8178,22.3907],[-97.8221,22.4043],[-97.8201,22.4333],[-97.85,22.5346],[-97.8301,22.6164],[-97.8296,22.6439],[-97.8314,22.6597],[-97.8343,22.6697],[-97.84,22.6703],[-97.85,22.6575],[-97.8533,22.6439],[-97.8493,22.6132],[-97.85,22.6029],[-97.8584,22.5935],[-97.8701,22.5877],[-97.882,22.5879],[-97.891,22.5961],[-97.8932,22.6103],[-97.8894,22.6254],[-97.8551,22.6986],[-97.8574,22.7186],[-97.8767,22.7394],[-97.85,22.7324],[-97.8432,22.7333],[-97.8382,22.7397],[-97.839,22.7537],[-97.8358,22.7612],[-97.8024,22.7938],[-97.7948,22.8083],[-97.7645,22.912],[-97.7539,22.9232],[-97.7527,22.9071],[-97.7538,22.8493],[-97.7423,22.9721],[-97.7685,23.2601],[-97.7581,23.4404],[-97.7418,23.5364],[-97.7222,23.7393],[-97.7333,23.7748],[-97.7421,23.7452],[-97.7469,23.6791],[-97.7538,23.6519],[-97.7606,23.6519],[-97.7538,23.7437],[-97.7589,23.769],[-97.7729,23.7801],[-97.7944,23.7826],[-97.8221,23.7822],[-97.8221,23.7884],[-97.751,23.7819],[-97.7333,23.7884],[-97.7252,23.8057],[-97.7167,24.0081],[-97.7117,24.0491],[-97.708,24.0839],[-97.6514,24.5159],[-97.5552,24.8476],[-97.459,25.1794],[-97.3194,25.39],[-97.2615,25.4995],[-97.225,25.5844],[-97.1981,25.6467],[-97.1863,25.687],[-97.1744,25.7042],[-97.1652,25.7233],[-97.1645,25.7695],[-97.1573,25.7895],[-97.1675,25.8286],[-97.1393,25.9658],[-97.2049,25.9606],[-97.2531,25.9635],[-97.2664,25.9606],[-97.2692,25.9444],[-97.2876,25.9287],[-97.311,25.9221],[-97.3284,25.9333],[-97.3511,25.9184],[-97.3551,25.9128],[-97.3523,25.8945],[-97.3452,25.8717],[-97.3457,25.8522],[-97.366,25.8439],[-97.376,25.8467],[-97.3801,25.8532],[-97.3831,25.8605],[-97.3899,25.8657],[-97.3978,25.8658],[-97.3995,25.8612],[-97.3999,25.8551],[-97.4042,25.8514],[-97.4254,25.8549],[-97.4357,25.8693],[-97.4413,25.8849],[-97.4483,25.8923],[-97.4694,25.8929],[-97.4863,25.8957],[-97.5022,25.9019],[-97.5203,25.9128],[-97.5652,25.9547],[-97.5943,25.9664],[-97.6048,25.98],[-97.6131,25.996],[-97.6226,26.0091],[-97.6415,26.0225],[-97.6599,26.0307],[-97.6796,26.0346],[-97.7669,26.0397],[-97.7803,26.0432],[-97.7823,26.0586],[-97.802,26.0637],[-97.8782,26.0637],[-97.9417,26.0568],[-97.9992,26.0643],[-98.0131,26.0637],[-98.0442,26.0488],[-98.0655,26.0422],[-98.0751,26.0466],[-98.0833,26.0709],[-98.1031,26.0749],[-98.1502,26.0637],[-98.1851,26.0652],[-98.2227,26.0754],[-98.3004,26.1114],[-98.3098,26.1211],[-98.333,26.153],[-98.3393,26.1599],[-98.3658,26.1602],[-98.3773,26.1636],[-98.3773,26.1736],[-98.3693,26.194],[-98.3972,26.2011],[-98.4288,26.2177],[-98.4565,26.2259],[-98.4724,26.2077],[-98.4929,26.2306],[-98.5215,26.2409],[-98.5528,26.2483],[-98.5816,26.2623],[-98.6406,26.2418],[-98.6537,26.2443],[-98.6647,26.2506],[-98.6853,26.2685],[-98.6933,26.2705],[-98.7022,26.2716],[-98.7043,26.2766],[-98.6915,26.2902],[-98.7014,26.2991],[-98.7132,26.3034],[-98.7262,26.3044],[-98.7399,26.3033],[-98.7359,26.32],[-98.7464,26.3321],[-98.7808,26.3517],[-98.7959,26.3683],[-98.8013,26.3721],[-98.8103,26.3724],[-98.8173,26.3685],[-98.825,26.3665],[-98.8361,26.3721],[-98.8423,26.3658],[-98.8508,26.3641],[-98.8605,26.3663],[-98.8702,26.3721],[-98.893,26.3678],[-98.9299,26.3922],[-98.9454,26.3783],[-98.9541,26.3939],[-98.9628,26.3995],[-98.987,26.4001],[-99.0041,26.3938],[-99.0105,26.3926],[-99.0164,26.3945],[-99.023,26.4034],[-99.0279,26.4062],[-99.0476,26.407],[-99.0664,26.4047],[-99.0855,26.4076],[-99.1064,26.423],[-99.1089,26.4343],[-99.1025,26.447],[-99.0937,26.4598],[-99.0894,26.4712],[-99.0915,26.484],[-99.103,26.5121],[-99.1151,26.5256],[-99.1409,26.5314],[-99.1649,26.5404],[-99.1713,26.564],[-99.1784,26.6137],[-99.1811,26.6299],[-99.2214,26.7357],[-99.2341,26.7836],[-99.2483,26.8271],[-99.2628,26.844],[-99.2797,26.8597],[-99.294,26.8763],[-99.326,26.9115],[-99.337,26.9248],[-99.3768,26.9538],[-99.3862,26.9622],[-99.3904,26.9731],[-99.3902,26.9936],[-99.3928,27.0048],[-99.3993,27.0127],[-99.4073,27.0145],[-99.416,27.0149],[-99.4246,27.0179],[-99.4399,27.0289],[-99.4437,27.0346],[-99.4617,27.057],[-99.442,27.0896],[-99.4394,27.0983],[-99.4414,27.1075],[-99.4457,27.1147],[-99.4502,27.1205],[-99.4525,27.125],[-99.4503,27.1452],[-99.4358,27.1884],[-99.432,27.2076],[-99.434,27.227],[-99.4409,27.2448],[-99.4518,27.2612],[-99.4661,27.2765],[-99.469,27.2782],[-99.4804,27.2833],[-99.4829,27.2867],[-99.4849,27.2948],[-99.4866,27.2976],[-99.4932,27.3013],[-99.5214,27.3113],[-99.5148,27.3218],[-99.4976,27.3388],[-99.494,27.3482],[-99.4929,27.3588],[-99.4877,27.3719],[-99.4846,27.3918],[-99.4757,27.4148],[-99.4729,27.4266],[-99.4736,27.4638],[-99.4729,27.4683],[-99.4764,27.4825],[-99.4804,27.4908],[-99.4883,27.4947],[-99.5037,27.4956],[-99.5095,27.5],[-99.5101,27.5105],[-99.5071,27.5334],[-99.5072,27.5738],[-99.515,27.5886],[-99.535,27.6048],[-99.555,27.6135],[-99.5723,27.6185],[-99.5782,27.6228],[-99.5902,27.6421],[-99.6002,27.6464],[-99.6124,27.6436],[-99.6335,27.6331],[-99.6449,27.6327],[-99.6486,27.6369],[-99.6587,27.654],[-99.6647,27.6594],[-99.7004,27.6592],[-99.7057,27.6632],[-99.7107,27.6701],[-99.7231,27.6874],[-99.7307,27.6918],[-99.734,27.702],[-99.7363,27.7136],[-99.7404,27.7222],[-99.7473,27.726],[-99.7652,27.7312],[-99.7746,27.7358],[-99.7868,27.7485],[-99.7954,27.7619],[-99.807,27.7714],[-99.8082,27.7724],[-99.8329,27.7768],[-99.833,27.7822],[-99.8448,27.7936],[-99.8582,27.8035],[-99.8634,27.8047],[-99.8647,27.8143],[-99.8619,27.8361],[-99.8634,27.8457],[-99.8709,27.8545],[-99.8802,27.8592],[-99.888,27.8648],[-99.8913,27.876],[-99.8827,27.8916],[-99.8788,27.9018],[-99.8813,27.9065],[-99.8968,27.9129],[-99.9143,27.9282],[-99.9299,27.9463],[-99.9397,27.9611],[-99.9283,27.9758],[-99.9407,27.9833],[-99.9619,27.9875],[-99.9766,27.9925],[-99.9911,28.0078],[-100.0006,28.0204],[-100.0075,28.0336],[-100.0141,28.0505],[-100.0135,28.057],[-100.0105,28.0636],[-100.0102,28.0689],[-100.0176,28.0709],[-100.0315,28.0818],[-100.0451,28.0953],[-100.048,28.1025],[-100.0489,28.116],[-100.0565,28.1379],[-100.0749,28.1544],[-100.1729,28.1985],[-100.1892,28.2013],[-100.1976,28.2072],[-100.2012,28.2203],[-100.2029,28.2344],[-100.2059,28.2429],[-100.2128,28.2451],[-100.2407,28.2497],[-100.2579,28.2605],[-100.2751,28.2772],[-100.2843,28.2965],[-100.2779,28.3149],[-100.2786,28.3311],[-100.2939,28.3534],[-100.3226,28.3869],[-100.3317,28.422],[-100.3363,28.4586],[-100.3402,28.4643],[-100.3483,28.4703],[-100.3555,28.4782],[-100.3568,28.4893],[-100.3516,28.4967],[-100.3226,28.5104],[-100.364,28.5248],[-100.3842,28.5372],[-100.3978,28.5576],[-100.3988,28.5686],[-100.3971,28.5927],[-100.4014,28.6023],[-100.4115,28.6093],[-100.4348,28.6191],[-100.4462,28.6265],[-100.4449,28.6438],[-100.4814,28.6861],[-100.4939,28.7084],[-100.5191,28.805],[-100.525,28.8148],[-100.5293,28.8199],[-100.5345,28.8302],[-100.5386,28.8356],[-100.5452,28.839],[-100.5597,28.8394],[-100.5662,28.8425],[-100.5697,28.8496],[-100.5633,28.8621],[-100.5662,28.8698],[-100.5718,28.8732],[-100.5865,28.8798],[-100.5895,28.8835],[-100.595,28.8993],[-100.607,28.9101],[-100.6188,28.9179],[-100.6243,28.9247],[-100.6248,28.9378],[-100.6267,28.9483],[-100.6308,28.9567],[-100.6379,28.9629],[-100.6289,28.9843],[-100.6328,29.0052],[-100.6522,29.0448],[-100.6609,29.1027],[-100.669,29.1162],[-100.6782,29.1194],[-100.6908,29.121],[-100.702,29.1237],[-100.7068,29.1302],[-100.7097,29.1356],[-100.7625,29.1738],[-100.7701,29.1873],[-100.7621,29.2087],[-100.7832,29.2431],[-100.7961,29.2577],[-100.8161,29.2708],[-100.8639,29.2906],[-100.8718,29.2965],[-100.8912,29.3185],[-100.9147,29.337],[-100.9874,29.3663],[-100.9983,29.3725],[-101.0081,29.3806],[-101.0162,29.3901],[-101.0222,29.4005],[-101.0259,29.4144],[-101.0296,29.443],[-101.0378,29.4601],[-101.068,29.4695],[-101.1348,29.4877],[-101.1636,29.5013],[-101.1827,29.5224],[-101.1914,29.5281],[-101.2018,29.5307],[-101.2129,29.5316],[-101.2228,29.5408],[-101.2265,29.5545],[-101.2178,29.5842],[-101.219,29.6103],[-101.2339,29.6227],[-101.2588,29.6202],[-101.2836,29.6078],[-101.301,29.5941],[-101.3122,29.5979],[-101.3109,29.6128],[-101.3027,29.6339],[-101.3011,29.6495],[-101.3098,29.6545],[-101.3362,29.6543],[-101.349,29.6601],[-101.3577,29.6674],[-101.3644,29.6767],[-101.3766,29.7006],[-101.3834,29.7185],[-101.3996,29.7407],[-101.4065,29.7529],[-101.4093,29.7658],[-101.4051,29.7784],[-101.414,29.7744],[-101.4242,29.7714],[-101.4351,29.7701],[-101.4461,29.7711],[-101.4557,29.7759],[-101.4624,29.7889],[-101.4709,29.7915],[-101.4903,29.7855],[-101.5058,29.7739],[-101.5218,29.7659],[-101.5429,29.7711],[-101.5397,29.7792],[-101.5305,29.7965],[-101.5286,29.8014],[-101.5319,29.8111],[-101.5392,29.818],[-101.5465,29.8201],[-101.5498,29.8157],[-101.554,29.7967],[-101.5649,29.7865],[-101.5803,29.7816],[-101.6322,29.7757],[-101.7945,29.7959],[-101.803,29.8014],[-101.806,29.8119],[-101.8127,29.812],[-101.8241,29.8052],[-101.8576,29.8052],[-101.8775,29.8108],[-101.8874,29.8123],[-101.8955,29.8086],[-101.9024,29.8032],[-101.9109,29.7999],[-101.9202,29.7982],[-101.9296,29.7977],[-101.9427,29.8036],[-101.9571,29.814],[-101.9722,29.8182],[-101.9879,29.8052],[-102.0146,29.811],[-102.1093,29.8021],[-102.1456,29.8157],[-102.1572,29.8245],[-102.2037,29.8461],[-102.2398,29.8491],[-102.2534,29.8553],[-102.2583,29.8735],[-102.2762,29.8695],[-102.289,29.8781],[-102.3022,29.8894],[-102.321,29.8939],[-102.3302,29.8889],[-102.3398,29.8706],[-102.3511,29.8666],[-102.3632,29.8643],[-102.3707,29.8578],[-102.3745,29.8481],[-102.3766,29.8215],[-102.3801,29.8114],[-102.4041,29.7808],[-102.4061,29.7773],[-102.5153,29.7847],[-102.5231,29.7823],[-102.5311,29.7699],[-102.5415,29.7625],[-102.5433,29.7601],[-102.5466,29.7579],[-102.5531,29.7567],[-102.5583,29.7591],[-102.5629,29.7693],[-102.5668,29.7711],[-102.5853,29.7647],[-102.6212,29.7473],[-102.6387,29.7437],[-102.6761,29.7445],[-102.6835,29.7437],[-102.691,29.7368],[-102.6936,29.7294],[-102.6947,29.7206],[-102.6978,29.7096],[-102.7267,29.6645],[-102.7313,29.6506],[-102.7355,29.6495],[-102.7517,29.6225],[-102.7518,29.6202],[-102.7613,29.6034],[-102.7676,29.5973],[-102.7797,29.5923],[-102.7741,29.5796],[-102.7765,29.5759],[-102.7859,29.5718],[-102.7807,29.5582],[-102.7865,29.5505],[-102.7955,29.5443],[-102.8273,29.4705],[-102.834,29.4614],[-102.8391,29.452],[-102.8411,29.4383],[-102.8387,29.4269],[-102.835,29.4157],[-102.8352,29.4038],[-102.8445,29.3905],[-102.8456,29.3847],[-102.838,29.3705],[-102.8377,29.3663],[-102.8466,29.3617],[-102.8539,29.361],[-102.8599,29.3612],[-102.865,29.3595],[-102.877,29.3509],[-102.8831,29.3438],[-102.8852,29.3334],[-102.8855,29.3148],[-102.8994,29.2761],[-102.8997,29.2639],[-102.8921,29.2544],[-102.868,29.2404],[-102.8588,29.2291],[-102.8699,29.2248],[-102.8969,29.2203],[-102.9423,29.1902],[-102.9475,29.182],[-102.9698,29.1928],[-102.9884,29.1771],[-103.0158,29.1268],[-103.0243,29.1162],[-103.0326,29.1102],[-103.0725,29.0914],[-103.0808,29.0852],[-103.0856,29.0757],[-103.0915,29.0579],[-103.0954,29.0603],[-103.1047,29.0579],[-103.1092,29.0234],[-103.1228,28.9965],[-103.148,28.9851],[-103.1871,28.9902],[-103.2418,29.0035],[-103.3015,29.0024],[-103.3162,29.0101],[-103.3115,29.026],[-103.31,29.0312],[-103.3248,29.0268],[-103.3305,29.0237],[-103.3426,29.0412],[-103.3517,29.0394],[-103.3605,29.0298],[-103.3721,29.0237],[-103.3866,29.0288],[-103.4146,29.0524],[-103.4236,29.0579],[-103.4357,29.0611],[-103.4785,29.0821],[-103.5297,29.1268],[-103.5356,29.1351],[-103.5382,29.1424],[-103.5417,29.1488],[-103.5502,29.1547],[-103.558,29.1562],[-103.585,29.1547],[-103.6731,29.1736],[-103.7025,29.1879],[-103.7495,29.223],[-103.7591,29.2268],[-103.7708,29.2298],[-103.7777,29.2353],[-103.7694,29.2575],[-103.7742,29.2675],[-103.7837,29.2748],[-103.7942,29.2776],[-103.8641,29.2814],[-103.9281,29.293],[-104.0191,29.3203],[-104.0573,29.339],[-104.1054,29.3857],[-104.1398,29.4006],[-104.1616,29.4168],[-104.1945,29.4489],[-104.2123,29.4847],[-104.2187,29.4898],[-104.2271,29.493],[-104.251,29.5086],[-104.2672,29.5266],[-104.2928,29.5328],[-104.3206,29.5323],[-104.3385,29.524],[-104.349,29.5376],[-104.4304,29.5828],[-104.4378,29.5854],[-104.444,29.5892],[-104.4486,29.5977],[-104.4521,29.6071],[-104.4552,29.6134],[-104.4694,29.6254],[-104.5166,29.6543],[-104.5308,29.6679],[-104.535,29.6778],[-104.5352,29.6879],[-104.5371,29.7021],[-104.5437,29.7164],[-104.5614,29.7454],[-104.5703,29.7875],[-104.5836,29.8026],[-104.6012,29.8148],[-104.6197,29.8331],[-104.6238,29.8415],[-104.6376,29.888],[-104.6563,29.9082],[-104.6606,29.9184],[-104.6635,29.9231],[-104.6765,29.9368],[-104.6805,29.9423],[-104.6825,29.9521],[-104.6801,29.9678],[-104.6805,29.9765],[-104.6991,30.0315],[-104.7016,30.0553],[-104.6986,30.0753],[-104.6846,30.1111],[-104.6805,30.1341],[-104.6787,30.1704],[-104.6816,30.1929],[-104.6959,30.2084],[-104.7152,30.244],[-104.7246,30.2522],[-104.7422,30.2599],[-104.7494,30.2645],[-104.7617,30.2842],[-104.7741,30.3116],[-104.7888,30.3359],[-104.8077,30.3464],[-104.8129,30.3507],[-104.815,30.3606],[-104.816,30.372],[-104.8183,30.3805],[-104.8243,30.3872],[-104.8375,30.3941],[-104.8449,30.401],[-104.8533,30.4122],[-104.855,30.4175],[-104.8536,30.424],[-104.8524,30.4389],[-104.8547,30.4487],[-104.8645,30.462],[-104.8667,30.473],[-104.8652,30.4799],[-104.8596,30.4911],[-104.8593,30.4973],[-104.863,30.5024],[-104.8797,30.5109],[-104.8821,30.5209],[-104.884,30.5419],[-104.8866,30.5519],[-104.8982,30.5694],[-104.9282,30.5995],[-104.9343,30.6105],[-104.9411,30.6141],[-104.9727,30.618],[-104.9828,30.6207],[-104.9891,30.6296],[-104.9916,30.6403],[-104.9929,30.6515],[-104.9958,30.6617],[-105.0085,30.677],[-105.028,30.6901],[-105.0495,30.6993],[-105.0681,30.7027],[-105.087,30.7098],[-105.1336,30.7579],[-105.1404,30.7505],[-105.1532,30.7632],[-105.1578,30.7657],[-105.1609,30.7641],[-105.1627,30.7749],[-105.1673,30.7812],[-105.1748,30.784],[-105.1851,30.7846],[-105.1953,30.7879],[-105.2049,30.8024],[-105.2121,30.8057],[-105.2182,30.8068],[-105.2293,30.8102],[-105.2329,30.8091],[-105.2399,30.8015],[-105.244,30.7991],[-105.249,30.7988],[-105.2595,30.803],[-105.2658,30.8084],[-105.2708,30.8143],[-105.277,30.8194],[-105.3343,30.8438],[-105.3638,30.8504],[-105.3762,30.8596],[-105.4155,30.9025],[-105.4967,30.9565],[-105.5308,30.9917],[-105.556,31.0026],[-105.5657,31.0167],[-105.5786,31.0522],[-105.5909,31.0714],[-105.6059,31.0819],[-105.6235,31.0904],[-105.6438,31.1037],[-105.668,31.1279],[-105.6752,31.132],[-105.6923,31.1376],[-105.7682,31.18],[-105.7779,31.1927],[-105.7848,31.211],[-105.862,31.2884],[-105.8801,31.3009],[-105.897,31.306],[-105.8971,31.3095],[-105.9088,31.317],[-105.9281,31.3265],[-105.9346,31.3355],[-105.9418,31.3524],[-105.9485,31.3612],[-105.9612,31.371],[-106.0047,31.3969],[-106.0211,31.4022],[-106.0463,31.4046],[-106.0653,31.411],[-106.0994,31.4289],[-106.1411,31.4392],[-106.1643,31.4478],[-106.1745,31.4603],[-106.2092,31.4773],[-106.2154,31.4839],[-106.2174,31.4887],[-106.2187,31.4946],[-106.2229,31.5046],[-106.2327,31.5199],[-106.2747,31.5626],[-106.2863,31.5801],[-106.3123,31.6486],[-106.3313,31.6822],[-106.3585,31.7175],[-106.3918,31.7459],[-106.429,31.7585],[-106.4731,31.7551],[-106.4928,31.759],[-106.5014,31.7663],[-106.5061,31.7703],[-106.5172,31.7738],[-106.559,31.7739],[-106.5849,31.7739],[-106.6107,31.774],[-106.6366,31.7741],[-106.6625,31.7741],[-106.6883,31.7742],[-106.7142,31.7742],[-106.7401,31.7743],[-106.7659,31.7744],[-106.7918,31.7744],[-106.8177,31.7745],[-106.8436,31.7745],[-106.8694,31.7746],[-106.8953,31.7747],[-106.9212,31.7747],[-106.973,31.7749],[-106.9989,31.7749],[-107.0248,31.775],[-107.0507,31.775],[-107.0765,31.7751],[-107.1024,31.7752],[-107.1541,31.7752],[-107.18,31.7754],[-107.2318,31.7754],[-107.2576,31.7755],[-107.2835,31.7755],[-107.3353,31.7757],[-107.3611,31.7758],[-107.4129,31.7758],[-107.4906,31.7761],[-107.5164,31.7761],[-107.5682,31.7763],[-107.5941,31.7763],[-107.6459,31.7765],[-107.6717,31.7765],[-107.6976,31.7766],[-107.7235,31.7766],[-107.7494,31.7767],[-107.7753,31.7767],[-107.8011,31.7768],[-107.827,31.7769],[-107.8788,31.7769],[-107.9046,31.777],[-107.9305,31.7771],[-107.9564,31.7771],[-107.9822,31.7772],[-108.0081,31.7772],[-108.0599,31.7774],[-108.0857,31.7774],[-108.1116,31.7775],[-108.1375,31.7775],[-108.1633,31.7776],[-108.1893,31.7777],[-108.2151,31.7778],[-108.2151,31.6651],[-108.215,31.6582],[-108.215,31.4471],[-108.2149,31.44],[-108.2149,31.3345],[-108.2148,31.3274],[-109.1974,31.3274],[-109.2401,31.3273],[-109.9236,31.3273],[-109.9663,31.3272],[-111.0063,31.3272],[-111.0671,31.3336],[-111.0945,31.3425],[-111.1459,31.3591],[-111.2489,31.3921],[-111.3003,31.4087],[-111.4033,31.4419],[-111.4548,31.4583],[-111.5062,31.475],[-111.9155,31.6014],[-112.3247,31.728],[-112.734,31.8545],[-113.1432,31.981],[-113.5524,32.1076],[-113.9617,32.2341],[-114.3709,32.3607],[-114.7801,32.4872],[-114.8168,32.4985],[-114.8194,32.4994],[-114.8221,32.5002],[-114.8094,32.5113],[-114.7955,32.5522],[-114.7942,32.5741],[-114.8027,32.5945],[-114.7868,32.621],[-114.7815,32.6281],[-114.7588,32.6448],[-114.7512,32.6522],[-114.7395,32.6691],[-114.7312,32.6866],[-114.7239,32.7115],[-114.7243,32.7128],[-114.7645,32.7098],[-114.8381,32.7042],[-114.9116,32.6987],[-114.9852,32.6931],[-115.0587,32.6876],[-115.1323,32.682],[-115.2058,32.6765],[-115.2793,32.6708],[-115.3529,32.6653],[-115.4264,32.6598],[-115.4999,32.6542],[-115.5735,32.6487],[-115.7205,32.6375],[-115.7941,32.632],[-115.8676,32.6264],[-115.9412,32.6208],[-116.0147,32.6153],[-116.0882,32.6097],[-116.1617,32.6042],[-116.3089,32.593],[-116.3824,32.5875],[-116.456,32.5819],[-116.5295,32.5763],[-116.603,32.5708],[-116.6765,32.5652],[-116.7501,32.5597],[-116.8236,32.5541],[-116.8972,32.5485],[-116.9707,32.543],[-117.0442,32.5374],[-117.1251,32.5317]]],[[[-116.1228,30.4852],[-116.1148,30.482],[-116.1042,30.4826],[-116.1042,30.4881],[-116.1096,30.4953],[-116.1144,30.4962],[-116.1228,30.4916],[-116.1228,30.4852]]],[[[-115.7538,24.9535],[-115.7533,24.953],[-115.7523,24.9533],[-115.7523,24.9543],[-115.7528,24.9548],[-115.7538,24.9544],[-115.7538,24.9535]]],[[[-115.604,28.3101],[-115.6027,28.3043],[-115.5923,28.2975],[-115.5791,28.3008],[-115.5755,28.3073],[-115.5647,28.3074],[-115.5678,28.3137],[-115.5793,28.3141],[-115.5883,28.3098],[-115.5938,28.3172],[-115.601,28.316],[-115.604,28.3101]]],[[[-115.3581,28.0826],[-115.3466,28.0711],[-115.3367,28.0844],[-115.3217,28.0868],[-115.3035,28.0947],[-115.2803,28.0875],[-115.2618,28.0701],[-115.254,28.0403],[-115.247,28.0337],[-115.2339,28.0361],[-115.2281,28.0283],[-115.2181,28.0317],[-115.2063,28.0379],[-115.1946,28.0339],[-115.1893,28.0303],[-115.1817,28.0276],[-115.183,28.0348],[-115.1793,28.0403],[-115.1883,28.0563],[-115.1821,28.0702],[-115.188,28.0868],[-115.183,28.0951],[-115.1858,28.1062],[-115.1765,28.1168],[-115.1753,28.1245],[-115.1627,28.1296],[-115.1558,28.1408],[-115.1597,28.1507],[-115.1555,28.1707],[-115.1588,28.1928],[-115.1723,28.2126],[-115.1728,28.2346],[-115.1627,28.2613],[-115.1686,28.2851],[-115.1758,28.2988],[-115.1739,28.3088],[-115.1841,28.3147],[-115.195,28.3414],[-115.192,28.3608],[-115.2149,28.3783],[-115.235,28.3702],[-115.2486,28.3593],[-115.2571,28.3274],[-115.2625,28.2988],[-115.2552,28.2639],[-115.2398,28.2336],[-115.2737,28.1895],[-115.334,28.1249],[-115.3522,28.1164],[-115.3581,28.0826]]],[[[-115.2204,27.8886],[-115.2095,27.8845],[-115.1938,27.8814],[-115.1822,27.8687],[-115.1784,27.8507],[-115.173,27.8486],[-115.1646,27.8513],[-115.1593,27.8599],[-115.1624,27.8683],[-115.1715,27.8736],[-115.1848,27.882],[-115.1969,27.8915],[-115.2042,27.8925],[-115.218,27.8961],[-115.2204,27.8886]]],[[[-114.7986,18.3309],[-114.7819,18.3245],[-114.7474,18.3287],[-114.7406,18.3283],[-114.734,18.3292],[-114.7272,18.3338],[-114.7239,18.3386],[-114.7209,18.3457],[-114.7202,18.3521],[-114.724,18.3549],[-114.7755,18.3549],[-114.7986,18.3425],[-114.7986,18.3309]]],[[[-114.7982,31.7567],[-114.7626,31.7156],[-114.7156,31.6952],[-114.6937,31.7103],[-114.6874,31.7018],[-114.678,31.6944],[-114.6661,31.6898],[-114.6527,31.6898],[-114.6695,31.7209],[-114.7101,31.7637],[-114.7552,31.7978],[-114.7861,31.803],[-114.7982,31.7567]]],[[[-114.422,29.9662],[-114.4071,29.9586],[-114.3948,29.9602],[-114.4001,29.9693],[-114.4018,29.986],[-114.4185,29.9868],[-114.4159,29.9761],[-114.422,29.9662]]],[[[-113.5934,29.4336],[-113.5891,29.4096],[-113.572,29.3978],[-113.5607,29.3862],[-113.5586,29.3782],[-113.5437,29.3665],[-113.5394,29.3548],[-113.5316,29.3492],[-113.5244,29.3344],[-113.5117,29.3264],[-113.5046,29.3166],[-113.5032,29.2981],[-113.4961,29.2852],[-113.4819,29.2784],[-113.465,29.2791],[-113.4501,29.2797],[-113.4346,29.2668],[-113.4275,29.252],[-113.431,29.2428],[-113.4055,29.212],[-113.3872,29.1972],[-113.3621,29.1876],[-113.354,29.1707],[-113.335,29.161],[-113.3211,29.1556],[-113.3125,29.1463],[-113.3007,29.1451],[-113.2927,29.1333],[-113.2757,29.1172],[-113.2629,29.1029],[-113.2582,29.0877],[-113.2509,29.082],[-113.2436,29.0695],[-113.2295,29.0596],[-113.2163,29.0554],[-113.1994,29.0468],[-113.1907,29.0288],[-113.1592,29.0177],[-113.1471,29.0041],[-113.1358,29.0003],[-113.1233,28.9864],[-113.1148,28.9845],[-113.1144,29.0137],[-113.1166,29.0262],[-113.1021,29.0531],[-113.1178,29.0563],[-113.1248,29.0606],[-113.1382,29.0649],[-113.1482,29.0663],[-113.1574,29.0836],[-113.1545,29.0934],[-113.1581,29.1002],[-113.1701,29.12],[-113.1743,29.1292],[-113.1736,29.157],[-113.1707,29.1786],[-113.1658,29.1891],[-113.1722,29.1947],[-113.1721,29.2064],[-113.1714,29.2261],[-113.1779,29.2379],[-113.1788,29.2595],[-113.1685,29.2761],[-113.1828,29.2897],[-113.2063,29.2854],[-113.2211,29.2891],[-113.238,29.2885],[-113.2557,29.2854],[-113.2641,29.2885],[-113.2769,29.2891],[-113.2854,29.2805],[-113.2974,29.2805],[-113.3066,29.2903],[-113.3456,29.2958],[-113.3703,29.31],[-113.3724,29.3347],[-113.376,29.3439],[-113.3731,29.3612],[-113.3611,29.3742],[-113.3498,29.3841],[-113.3633,29.3933],[-113.3611,29.4019],[-113.3732,29.4216],[-113.386,29.4351],[-113.3853,29.4426],[-113.3945,29.4512],[-113.3952,29.4593],[-113.4193,29.4664],[-113.4328,29.4925],[-113.4633,29.5189],[-113.4768,29.5321],[-113.4995,29.5351],[-113.5108,29.5376],[-113.5109,29.5493],[-113.5236,29.5499],[-113.5236,29.5431],[-113.5357,29.5381],[-113.5491,29.5331],[-113.5584,29.5381],[-113.5598,29.5443],[-113.5711,29.54],[-113.569,29.5245],[-113.5646,29.5077],[-113.5736,29.4785],[-113.5884,29.4568],[-113.5934,29.4336]]],[[[-113.5271,29.0923],[-113.5227,29.0859],[-113.521,29.079],[-113.5148,29.0762],[-113.5152,29.0702],[-113.5136,29.0632],[-113.5094,29.0608],[-113.5122,29.0581],[-113.5143,29.0533],[-113.5088,29.0484],[-113.5047,29.0442],[-113.5068,29.0397],[-113.5013,29.0363],[-113.492,29.036],[-113.4916,29.0396],[-113.4964,29.0423],[-113.4968,29.0484],[-113.5012,29.0505],[-113.5001,29.0562],[-113.506,29.0626],[-113.5056,29.0708],[-113.5041,29.0753],[-113.5089,29.0787],[-113.5079,29.0829],[-113.504,29.088],[-113.5047,29.0922],[-113.5119,29.095],[-113.5188,29.0956],[-113.5271,29.0923]]],[[[-113.2646,26.7089],[-113.258,26.7048],[-113.2464,26.7015],[-113.2216,26.6957],[-113.1918,26.6874],[-113.1654,26.6775],[-113.1546,26.6709],[-113.1464,26.6651],[-113.1381,26.6651],[-113.1389,26.6726],[-113.1471,26.6841],[-113.1629,26.7048],[-113.1744,26.7204],[-113.1802,26.723],[-113.1869,26.7213],[-113.1918,26.7172],[-113.1951,26.7139],[-113.2034,26.7172],[-113.2025,26.723],[-113.2108,26.7279],[-113.22,26.7313],[-113.229,26.7329],[-113.2447,26.7246],[-113.258,26.718],[-113.2646,26.7089]]],[[[-112.8938,28.6777],[-112.8845,28.6702],[-112.8774,28.6634],[-112.8719,28.6556],[-112.8652,28.6502],[-112.8678,28.6433],[-112.8426,28.6401],[-112.8293,28.6258],[-112.8106,28.6184],[-112.7979,28.6099],[-112.7891,28.5869],[-112.7837,28.586],[-112.781,28.581],[-112.7739,28.5758],[-112.762,28.582],[-112.7524,28.5911],[-112.7601,28.5949],[-112.7635,28.6028],[-112.7784,28.6103],[-112.783,28.6176],[-112.7912,28.6229],[-112.805,28.6365],[-112.8608,28.6719],[-112.8938,28.6777]]],[[[-112.6131,28.7258],[-112.6122,28.7052],[-112.6009,28.677],[-112.6043,28.6694],[-112.5947,28.6731],[-112.5721,28.6684],[-112.5539,28.6723],[-112.5457,28.6866],[-112.546,28.7019],[-112.5414,28.7123],[-112.5467,28.7175],[-112.548,28.7285],[-112.5575,28.7338],[-112.5699,28.7289],[-112.5935,28.7322],[-112.6007,28.728],[-112.6131,28.7258]]],[[[-112.583,28.8754],[-112.5729,28.8685],[-112.5622,28.8692],[-112.5485,28.8579],[-112.5218,28.8449],[-112.496,28.833],[-112.4938,28.823],[-112.4672,28.8194],[-112.4665,28.8056],[-112.455,28.8006],[-112.4358,28.8019],[-112.4257,28.7969],[-112.4128,28.8001],[-112.3992,28.7926],[-112.382,28.7738],[-112.367,28.772],[-112.3591,28.7582],[-112.3455,28.7652],[-112.3262,28.7627],[-112.3097,28.7464],[-112.2891,28.763],[-112.2747,28.7684],[-112.2632,28.7634],[-112.2532,28.7691],[-112.2611,28.7803],[-112.2726,28.7841],[-112.2762,28.8055],[-112.2713,28.8236],[-112.2591,28.8374],[-112.2541,28.8569],[-112.2377,28.8763],[-112.2435,28.8895],[-112.2284,28.904],[-112.2149,28.9541],[-112.2135,28.9867],[-112.1956,29.0213],[-112.2353,29.0957],[-112.2727,29.1377],[-112.2685,29.1527],[-112.2743,29.1652],[-112.2686,29.1753],[-112.2672,29.1847],[-112.2636,29.1928],[-112.2657,29.1978],[-112.2772,29.2091],[-112.2816,29.2255],[-112.2672,29.2381],[-112.2643,29.2469],[-112.278,29.2425],[-112.2873,29.233],[-112.2996,29.2228],[-112.3161,29.2203],[-112.3434,29.2209],[-112.3627,29.2177],[-112.3799,29.2052],[-112.4015,29.1894],[-112.4223,29.1894],[-112.4387,29.2021],[-112.453,29.1935],[-112.4647,29.1818],[-112.4739,29.1685],[-112.4803,29.1549],[-112.4921,29.1176],[-112.5004,29.0756],[-112.5036,29.0322],[-112.5002,28.9904],[-112.4897,28.981],[-112.4859,28.9716],[-112.4908,28.9594],[-112.4958,28.9506],[-112.4998,28.9404],[-112.5043,28.9319],[-112.5107,28.9284],[-112.5261,28.9088],[-112.5558,28.8918],[-112.583,28.8754]]],[[[-112.3046,24.7922],[-112.2725,24.773],[-112.2686,24.7581],[-112.2594,24.7494],[-112.2578,24.7516],[-112.261,24.7697],[-112.2609,24.7766],[-112.2569,24.7838],[-112.2505,24.7878],[-112.246,24.7888],[-112.2378,24.7892],[-112.2246,24.7881],[-112.2139,24.7848],[-112.2068,24.7821],[-112.1895,24.7739],[-112.1757,24.7634],[-112.1677,24.7554],[-112.1558,24.7434],[-112.1462,24.7321],[-112.1395,24.7147],[-112.1359,24.698],[-112.1384,24.6803],[-112.1448,24.6709],[-112.152,24.6705],[-112.1599,24.6724],[-112.1663,24.6709],[-112.1683,24.6612],[-112.1763,24.6536],[-112.172,24.6467],[-112.1592,24.643],[-112.1465,24.6187],[-112.1373,24.6191],[-112.127,24.6118],[-112.1139,24.5992],[-112.1056,24.5838],[-112.1001,24.5642],[-112.1025,24.5592],[-112.0913,24.5515],[-112.0683,24.5424],[-112.0599,24.5406],[-112.0575,24.5537],[-112.0646,24.5682],[-112.0709,24.574],[-112.0709,24.5852],[-112.0781,24.5848],[-112.0963,24.607],[-112.1035,24.6172],[-112.1365,24.6329],[-112.1404,24.6437],[-112.1432,24.6499],[-112.14,24.6593],[-112.1316,24.6669],[-112.1264,24.6737],[-112.1156,24.6893],[-112.1231,24.7071],[-112.1271,24.7064],[-112.1311,24.7096],[-112.1307,24.7158],[-112.1315,24.7285],[-112.139,24.7379],[-112.1621,24.7597],[-112.1656,24.7757],[-112.1759,24.7884],[-112.1775,24.7909],[-112.1731,24.7924],[-112.1711,24.7945],[-112.1787,24.7956],[-112.1823,24.7996],[-112.1879,24.8062],[-112.1958,24.8116],[-112.2062,24.8174],[-112.209,24.8236],[-112.2109,24.8388],[-112.2137,24.8475],[-112.2093,24.8551],[-112.2072,24.8609],[-112.2043,24.8669],[-112.1953,24.8673],[-112.1826,24.866],[-112.1769,24.8724],[-112.1833,24.8797],[-112.191,24.8898],[-112.1959,24.9153],[-112.1874,24.9217],[-112.1888,24.9522],[-112.187,24.9613],[-112.179,24.9747],[-112.1701,24.9696],[-112.1618,24.9744],[-112.1615,24.9881],[-112.1641,24.9969],[-112.1697,25.006],[-112.1673,25.0194],[-112.1708,25.0296],[-112.1793,25.045],[-112.1694,25.0735],[-112.156,25.1408],[-112.1435,25.1628],[-112.1269,25.2015],[-112.1202,25.2205],[-112.1253,25.2658],[-112.1378,25.2653],[-112.1425,25.2551],[-112.1445,25.2278],[-112.1632,25.1563],[-112.1907,25.063],[-112.2063,25.0177],[-112.2573,24.8845],[-112.2752,24.8395],[-112.29,24.8125],[-112.3,24.81],[-112.302,24.8074],[-112.3016,24.8031],[-112.3046,24.7922]]],[[[-112.1381,25.2973],[-112.1309,25.2887],[-112.1228,25.2821],[-112.1175,25.2839],[-112.1189,25.3012],[-112.1131,25.3142],[-112.1058,25.3259],[-112.1043,25.3423],[-112.1096,25.3632],[-112.1066,25.3918],[-112.1008,25.4121],[-112.0997,25.4312],[-112.0978,25.455],[-112.0991,25.4719],[-112.0981,25.4858],[-112.1029,25.4889],[-112.1063,25.4841],[-112.103,25.4616],[-112.1055,25.4429],[-112.1133,25.4039],[-112.1177,25.3606],[-112.1255,25.3277],[-112.1342,25.3129],[-112.1381,25.2973]]],[[[-112.1088,27.2369],[-112.097,27.2245],[-112.0874,27.1829],[-112.0663,27.179],[-112.0522,27.1937],[-112.0453,27.2166],[-112.0641,27.2415],[-112.0901,27.26],[-112.1088,27.2369]]],[[[-112.0068,24.5144],[-112.0018,24.5063],[-111.9756,24.4978],[-111.9408,24.4836],[-111.9262,24.4681],[-111.9149,24.4647],[-111.908,24.4574],[-111.8716,24.4391],[-111.8458,24.4178],[-111.8078,24.3891],[-111.7586,24.3561],[-111.7388,24.3381],[-111.7081,24.2999],[-111.7104,24.3183],[-111.7013,24.3309],[-111.6939,24.3476],[-111.6998,24.3589],[-111.6923,24.3739],[-111.6947,24.3812],[-111.7062,24.3798],[-111.7242,24.3962],[-111.7535,24.447],[-111.7755,24.462],[-111.7982,24.464],[-111.8182,24.4676],[-111.8214,24.4805],[-111.831,24.4863],[-111.8385,24.5],[-111.8373,24.5128],[-111.8506,24.5098],[-111.8644,24.5205],[-111.8812,24.5176],[-111.9048,24.5189],[-111.9602,24.5183],[-111.9716,24.5185],[-111.989,24.5277],[-112.0068,24.5144]]],[[[-111.9043,27.4376],[-111.8923,27.429],[-111.8792,27.4281],[-111.8596,27.4301],[-111.8564,27.4379],[-111.863,27.4465],[-111.8793,27.4532],[-111.9011,27.4492],[-111.9043,27.4376]]],[[[-111.6733,24.3584],[-111.6648,24.3519],[-111.6384,24.3557],[-111.5972,24.3651],[-111.5613,24.3624],[-111.5328,24.3583],[-111.463,24.3298],[-111.4671,24.3367],[-111.5096,24.364],[-111.5395,24.3727],[-111.5616,24.3781],[-111.583,24.3751],[-111.6002,24.3764],[-111.6288,24.3726],[-111.646,24.3711],[-111.6578,24.3752],[-111.6655,24.369],[-111.6733,24.3584]]],[[[-111.3951,27.9794],[-111.3885,27.9688],[-111.382,27.9572],[-111.3656,27.9534],[-111.3732,27.9688],[-111.3874,27.9881],[-111.3951,27.9794]]],[[[-111.2866,26.119],[-111.2799,26.1146],[-111.2804,26.1104],[-111.2834,26.1065],[-111.2862,26.1031],[-111.2814,26.1049],[-111.274,26.105],[-111.2642,26.105],[-111.2626,26.1113],[-111.2672,26.1151],[-111.2644,26.1182],[-111.2625,26.1254],[-111.2637,26.135],[-111.2686,26.1363],[-111.2752,26.1364],[-111.2866,26.1258],[-111.2866,26.119]]],[[[-111.2602,25.8097],[-111.257,25.8013],[-111.2579,25.7911],[-111.2585,25.7814],[-111.253,25.7736],[-111.2459,25.7657],[-111.2431,25.7668],[-111.2432,25.7719],[-111.2469,25.7763],[-111.248,25.784],[-111.2447,25.7868],[-111.2459,25.7894],[-111.2499,25.7946],[-111.2475,25.7991],[-111.2532,25.8015],[-111.2548,25.8113],[-111.2582,25.8128],[-111.2602,25.8097]]],[[[-111.2334,25.8429],[-111.2297,25.8309],[-111.2303,25.8236],[-111.2199,25.8174],[-111.2133,25.8159],[-111.205,25.8038],[-111.2007,25.8101],[-111.2028,25.8252],[-111.2043,25.8454],[-111.1979,25.8563],[-111.1887,25.857],[-111.1813,25.8669],[-111.1834,25.882],[-111.1779,25.8974],[-111.1808,25.9025],[-111.1729,25.9133],[-111.1539,25.933],[-111.1412,25.9529],[-111.1307,25.9618],[-111.1206,25.9762],[-111.1193,25.9863],[-111.1196,25.9922],[-111.1123,25.9967],[-111.1011,25.9969],[-111.0938,25.9852],[-111.0868,25.9819],[-111.0794,25.9725],[-111.0723,25.9714],[-111.0674,25.9658],[-111.0657,25.9722],[-111.0653,25.9827],[-111.0708,25.9861],[-111.07,25.997],[-111.0812,25.9987],[-111.082,26.0287],[-111.0711,26.0536],[-111.0564,26.0718],[-111.0745,26.0688],[-111.0793,26.0602],[-111.1034,26.0538],[-111.12,26.0612],[-111.1275,26.0683],[-111.1361,26.0633],[-111.1338,26.0528],[-111.1618,26.0454],[-111.176,26.0433],[-111.1756,26.0352],[-111.1682,26.0235],[-111.172,26.0027],[-111.1693,25.9876],[-111.1747,25.9784],[-111.1881,25.9699],[-111.1966,25.9546],[-111.201,25.9424],[-111.2111,25.9289],[-111.2099,25.917],[-111.2193,25.8842],[-111.2183,25.8717],[-111.2318,25.8516],[-111.2334,25.8429]]],[[[-111.0672,18.7687],[-111.0232,18.7509],[-111.0084,18.7424],[-110.9946,18.7316],[-110.9795,18.7168],[-110.9612,18.727],[-110.9419,18.726],[-110.9243,18.7274],[-110.9112,18.7447],[-110.9112,18.7625],[-110.9194,18.7807],[-110.9322,18.7947],[-110.9459,18.8],[-110.9408,18.8217],[-110.9562,18.8437],[-110.9801,18.8608],[-111.0006,18.8682],[-111.0386,18.8354],[-111.0531,18.816],[-111.062,18.7931],[-111.0666,18.7757],[-111.0672,18.7687]]],[[[-111.0595,25.7082],[-111.0591,25.701],[-111.0538,25.6942],[-111.0462,25.6795],[-111.0477,25.6706],[-111.0442,25.665],[-111.0353,25.6531],[-111.0285,25.6518],[-111.0221,25.6594],[-111.0163,25.6693],[-111.0129,25.6787],[-111.0192,25.6939],[-111.0234,25.6973],[-111.0313,25.7036],[-111.0372,25.7138],[-111.0434,25.7123],[-111.0435,25.7067],[-111.0595,25.7082]]],[[[-110.8362,19.2836],[-110.8335,19.2764],[-110.8302,19.2733],[-110.8286,19.2757],[-110.8241,19.2863],[-110.8131,19.2963],[-110.7877,19.3139],[-110.7987,19.3338],[-110.8057,19.3421],[-110.8143,19.348],[-110.8143,19.3344],[-110.8192,19.324],[-110.8324,19.3022],[-110.836,19.2934],[-110.8362,19.2836]]],[[[-110.8055,25.6444],[-110.7859,25.6044],[-110.7653,25.5939],[-110.7532,25.5981],[-110.7596,25.6478],[-110.7667,25.6758],[-110.7621,25.6936],[-110.77,25.6956],[-110.7734,25.7128],[-110.7825,25.7103],[-110.7919,25.6953],[-110.8036,25.6749],[-110.8055,25.6444]]],[[[-110.7339,25.2778],[-110.7298,25.2663],[-110.7289,25.26],[-110.7198,25.2593],[-110.7134,25.2643],[-110.7072,25.2716],[-110.704,25.2891],[-110.694,25.303],[-110.6895,25.3084],[-110.6907,25.3127],[-110.6965,25.307],[-110.7048,25.3061],[-110.7148,25.3059],[-110.7327,25.288],[-110.7339,25.2778]]],[[[-110.7166,25.0399],[-110.7133,25.0292],[-110.7049,25.0299],[-110.6969,25.0198],[-110.6822,25.0203],[-110.6758,25.0112],[-110.674,24.9973],[-110.673,24.988],[-110.6657,24.9801],[-110.6601,24.971],[-110.6604,24.9625],[-110.6547,24.9461],[-110.644,24.9425],[-110.6365,24.9277],[-110.6417,24.921],[-110.6423,24.9145],[-110.632,24.9154],[-110.6203,24.9167],[-110.6102,24.9112],[-110.6104,24.9063],[-110.5954,24.9002],[-110.584,24.8926],[-110.5739,24.8875],[-110.5737,24.8793],[-110.5793,24.8722],[-110.5835,24.8662],[-110.5792,24.8637],[-110.5717,24.8724],[-110.5627,24.8738],[-110.5534,24.8727],[-110.5331,24.8766],[-110.5249,24.88],[-110.534,24.8908],[-110.5485,24.9115],[-110.5534,24.9258],[-110.5593,24.9357],[-110.5707,24.9555],[-110.5658,24.9806],[-110.5684,24.9977],[-110.5757,25.006],[-110.5749,25.0157],[-110.5836,25.0224],[-110.5902,25.0261],[-110.5931,25.0344],[-110.6141,25.0419],[-110.6423,25.0492],[-110.6686,25.0528],[-110.6848,25.0662],[-110.695,25.094],[-110.702,25.1034],[-110.7069,25.1051],[-110.7087,25.1022],[-110.7108,25.095],[-110.7135,25.075],[-110.7131,25.062],[-110.7165,25.0541],[-110.7166,25.0399]]],[[[-110.6066,27.3586],[-110.6042,27.318],[-110.5886,27.3027],[-110.5343,27.2844],[-110.5307,27.3004],[-110.5752,27.3137],[-110.594,27.3318],[-110.5984,27.3781],[-110.5931,27.417],[-110.5975,27.4057],[-110.6046,27.3825],[-110.6066,27.3586]]],[[[-110.5868,24.8289],[-110.5803,24.8212],[-110.5741,24.8224],[-110.5684,24.8222],[-110.5681,24.8152],[-110.5614,24.815],[-110.5612,24.8202],[-110.5646,24.8264],[-110.5676,24.8302],[-110.5652,24.8409],[-110.5692,24.8438],[-110.5745,24.8402],[-110.5862,24.8321],[-110.5868,24.8289]]],[[[-110.4157,24.5696],[-110.4125,24.5626],[-110.4033,24.5591],[-110.4077,24.5513],[-110.4056,24.5438],[-110.3944,24.5461],[-110.396,24.535],[-110.3851,24.5294],[-110.3762,24.5308],[-110.3829,24.524],[-110.3959,24.5191],[-110.3968,24.5112],[-110.3876,24.5056],[-110.392,24.4978],[-110.389,24.4823],[-110.3846,24.4737],[-110.3772,24.4681],[-110.3686,24.4642],[-110.3671,24.4588],[-110.3602,24.4575],[-110.3586,24.4522],[-110.3757,24.4468],[-110.3724,24.4388],[-110.3704,24.4297],[-110.3632,24.4364],[-110.3551,24.4351],[-110.3488,24.4296],[-110.3527,24.418],[-110.3489,24.4114],[-110.348,24.4025],[-110.3265,24.4007],[-110.3226,24.4173],[-110.3172,24.4262],[-110.3079,24.4327],[-110.3127,24.4467],[-110.3065,24.4565],[-110.2923,24.4582],[-110.2879,24.4697],[-110.2959,24.4769],[-110.3023,24.4888],[-110.305,24.5032],[-110.3152,24.5046],[-110.3249,24.5159],[-110.3459,24.5304],[-110.364,24.5325],[-110.3605,24.5467],[-110.3636,24.5569],[-110.3744,24.5668],[-110.3805,24.575],[-110.3865,24.5869],[-110.3975,24.5908],[-110.4002,24.5813],[-110.4157,24.5696]]],[[[-110.0444,27.087],[-110.0354,27.0796],[-110.0187,27.0768],[-109.9914,27.0642],[-109.9684,27.0491],[-109.9457,27.0211],[-109.938,27.0212],[-109.9575,27.052],[-109.9852,27.0696],[-110.0175,27.0837],[-110.0368,27.0893],[-110.0444,27.087]]],[[[-109.9374,24.3251],[-109.9166,24.2848],[-109.9212,24.2758],[-109.9239,24.2666],[-109.913,24.2357],[-109.9004,24.1992],[-109.885,24.1767],[-109.8718,24.1597],[-109.8739,24.1517],[-109.8625,24.1471],[-109.831,24.1435],[-109.8148,24.1404],[-109.8029,24.1371],[-109.7984,24.1552],[-109.8071,24.1716],[-109.8086,24.1822],[-109.8228,24.2094],[-109.8357,24.2247],[-109.8426,24.2303],[-109.8581,24.2589],[-109.8706,24.2724],[-109.8823,24.2943],[-109.8922,24.3163],[-109.8997,24.3257],[-109.9058,24.3348],[-109.9174,24.3485],[-109.9192,24.362],[-109.9268,24.3729],[-109.9332,24.3744],[-109.9342,24.3594],[-109.9374,24.3251]]],[[[-109.0131,25.4469],[-109.008,25.4326],[-108.994,25.4267],[-108.9325,25.4273],[-108.9237,25.4264],[-108.9161,25.4245],[-108.9071,25.4204],[-108.8998,25.4196],[-108.8725,25.4088],[-108.8366,25.3881],[-108.8039,25.3746],[-108.7865,25.3854],[-108.7993,25.3941],[-108.8188,25.4208],[-108.8316,25.4264],[-108.8827,25.4432],[-108.901,25.4465],[-109.0131,25.4469]]],[[[-106.6889,21.7468],[-106.679,21.727],[-106.6578,21.7399],[-106.6635,21.7469],[-106.656,21.7543],[-106.658,21.7671],[-106.663,21.7696],[-106.6638,21.7772],[-106.6714,21.7719],[-106.6781,21.7748],[-106.6839,21.761],[-106.6889,21.7468]]],[[[-106.6608,21.6931],[-106.6506,21.6841],[-106.6492,21.6728],[-106.6495,21.6625],[-106.656,21.6583],[-106.6514,21.6522],[-106.6416,21.6391],[-106.6356,21.6259],[-106.6288,21.6168],[-106.6285,21.6092],[-106.6301,21.6045],[-106.6312,21.6009],[-106.5913,21.5772],[-106.5523,21.5638],[-106.5451,21.5619],[-106.5377,21.5554],[-106.5408,21.5491],[-106.5418,21.5435],[-106.5369,21.5446],[-106.5324,21.5416],[-106.5321,21.5504],[-106.5262,21.5567],[-106.5208,21.5625],[-106.5199,21.5681],[-106.5117,21.5719],[-106.5141,21.579],[-106.516,21.5888],[-106.5124,21.597],[-106.5048,21.6029],[-106.5093,21.6053],[-106.5138,21.6088],[-106.519,21.6169],[-106.5269,21.6239],[-106.5394,21.6364],[-106.5364,21.6483],[-106.5345,21.6576],[-106.548,21.6685],[-106.5877,21.6846],[-106.6,21.6915],[-106.621,21.6904],[-106.6422,21.6966],[-106.6608,21.6931]]],[[[-106.4926,21.469],[-106.4787,21.4514],[-106.4593,21.4483],[-106.4437,21.4368],[-106.4288,21.4351],[-106.4026,21.423],[-106.3871,21.4206],[-106.3846,21.4315],[-106.3807,21.447],[-106.3626,21.4551],[-106.3629,21.4643],[-106.3719,21.4718],[-106.3727,21.482],[-106.386,21.4828],[-106.4042,21.4839],[-106.4247,21.488],[-106.4371,21.4959],[-106.4485,21.4931],[-106.4596,21.4949],[-106.472,21.4838],[-106.4926,21.469]]],[[[-106.2794,21.3147],[-106.2702,21.301],[-106.2473,21.2897],[-106.237,21.2951],[-106.2275,21.2912],[-106.2257,21.3087],[-106.224,21.3287],[-106.2274,21.3328],[-106.2319,21.3352],[-106.2418,21.333],[-106.26,21.3341],[-106.2794,21.3147]]],[[[-97.8432,22.6849],[-97.8176,22.6948],[-97.7961,22.7238],[-97.7845,22.7558],[-97.7886,22.7748],[-97.7984,22.7625],[-97.8153,22.7202],[-97.8219,22.7116],[-97.8371,22.6961],[-97.8432,22.6849]]],[[[-97.6849,21.8625],[-97.6793,21.8232],[-97.6635,21.7785],[-97.64,21.7451],[-97.6105,21.7402],[-97.6017,21.7519],[-97.6147,21.7644],[-97.6514,21.7879],[-97.6606,21.8076],[-97.6645,21.8291],[-97.6703,21.8486],[-97.6849,21.8625]]],[[[-94.11489981318681,16.057200373626372],[-93.9639,15.9975],[-93.9706,16.0098],[-93.9853,16.018],[-94.0192,16.0311],[-94.0304,16.0397],[-94.0567,16.0758],[-94.0822,16.0948],[-94.1128,16.1057],[-94.094,16.099],[-94.11489981318681,16.057200373626372]]],[[[-91.8427,18.6512],[-91.8357,18.6491],[-91.8163,18.6491],[-91.786,18.6544],[-91.7551,18.6671],[-91.7027,18.6975],[-91.7232,18.6628],[-91.6889,18.6694],[-91.6601,18.6923],[-91.6208,18.7447],[-91.606,18.7437],[-91.5716,18.7572],[-91.5519,18.759],[-91.5609,18.7559],[-91.5685,18.7517],[-91.5746,18.7459],[-91.5792,18.7385],[-91.5659,18.7402],[-91.5539,18.7449],[-91.5321,18.759],[-91.5288,18.7553],[-91.5246,18.7521],[-91.5244,18.7666],[-91.5273,18.7771],[-91.5325,18.7853],[-91.5389,18.7931],[-91.5557,18.7917],[-91.6003,18.772],[-91.6466,18.7558],[-91.6859,18.7315],[-91.7402,18.7038],[-91.7682,18.6975],[-91.8122,18.6798],[-91.8231,18.6733],[-91.8382,18.6582],[-91.8427,18.6512]]],[[[-89.7708,22.5332],[-89.7619,22.5291],[-89.7565,22.5438],[-89.7388,22.5494],[-89.714,22.541],[-89.6911,22.5286],[-89.6877,22.5074],[-89.6727,22.4925],[-89.6552,22.472],[-89.6571,22.4467],[-89.6776,22.4297],[-89.6944,22.4249],[-89.698,22.4175],[-89.6892,22.3999],[-89.6917,22.3876],[-89.6846,22.3807],[-89.6642,22.3711],[-89.6506,22.3676],[-89.6343,22.3789],[-89.6219,22.4098],[-89.6102,22.4611],[-89.6249,22.4979],[-89.6582,22.5407],[-89.6926,22.5671],[-89.7297,22.5829],[-89.7457,22.5772],[-89.7564,22.5601],[-89.7671,22.5471],[-89.7708,22.5332]]],[[[-87.3794,18.4025],[-87.3732,18.4025],[-87.3345,18.4544],[-87.3221,18.4892],[-87.3282,18.5327],[-87.3101,18.5672],[-87.3185,18.5584],[-87.3243,18.5498],[-87.3282,18.5412],[-87.3312,18.5324],[-87.3375,18.4778],[-87.3436,18.4523],[-87.3487,18.4426],[-87.3585,18.4294],[-87.3756,18.4103],[-87.3794,18.4025]]],[[[-87.2692,18.7385],[-87.2586,18.657],[-87.2629,18.6286],[-87.2499,18.6509],[-87.2482,18.6762],[-87.2555,18.7243],[-87.2692,18.7385]]],[[[-87.0228,20.3554],[-87.0189,20.3325],[-87.0052,20.2902],[-87.0023,20.2701],[-86.9953,20.2608],[-86.9792,20.2678],[-86.9265,20.3137],[-86.9169,20.3246],[-86.9129,20.3315],[-86.9086,20.3415],[-86.8992,20.3485],[-86.8898,20.3537],[-86.8856,20.3588],[-86.8808,20.3759],[-86.8557,20.4208],[-86.844,20.4373],[-86.8135,20.4611],[-86.7971,20.4775],[-86.7843,20.5098],[-86.749,20.5677],[-86.7372,20.5822],[-86.7353,20.5854],[-86.7375,20.5923],[-86.7422,20.5959],[-86.7469,20.5959],[-86.749,20.5922],[-86.7557,20.5775],[-86.7713,20.5661],[-86.7892,20.5599],[-86.8017,20.5626],[-86.8237,20.55],[-86.8371,20.5472],[-86.8463,20.549],[-86.8712,20.5586],[-86.8822,20.5609],[-86.8857,20.5623],[-86.8905,20.5653],[-86.8969,20.5678],[-86.9054,20.5677],[-86.9137,20.5634],[-86.9295,20.55],[-86.9368,20.5472],[-86.9681,20.5063],[-87.0079,20.4362],[-87.0197,20.3974],[-87.0228,20.3554]]],[[[-86.7499,21.2731],[-86.7396,21.2428],[-86.72,21.2127],[-86.7006,21.1989],[-86.7275,21.2429],[-86.7385,21.2667],[-86.7416,21.2877],[-86.7499,21.2731]]]]}}]}